Category,Title,Author,Price
Administração,ALÉM DA SEGURANÇA PSICOLÓGICA,"Autor:BORRONI-BIANCASTELLI, LUCA","R$ 79,90"
Administração,JOGO DESCUBRA SEU TIPO DE PERSONALIDADE NO,"Autor:MEDA, MARCO|Autor:ROMA, ANDRÉIA","R$ 179,90"
Administração,A ORGANIZAÇÃO SEM MEDO,"Autor:EDMONDSON, AMY C.","R$ 81,00"
Administração,A PSICOLOGIA FINANCEIRA,"Tradutor:FIUZA, BRUNO|Tradutor:CLAPP, ROBERTA|Autor:HOUSEL, MORGAN","R$ 49,90"
Administração,ESSENCIALISMO,"Autor:MCKEOWN, GREG","R$ 64,90"
Administração,AS ARMAS DA PERSUASÃO,"Autor:CIALDINI, ROBERT B.|Tradutor:KORYTOWSKI, IVO","R$ 54,90"
Administração,COMECE PELO PORQUÊ,"Autor:SINEK, SIMON","R$ 59,90"
Administração,OS SEGREDOS DA MENTE MILIONÁRIA,"Autor:JORGENSEN JUNIOR, PEDRO|Autor:EKER, T. HARV","R$ 49,90"
Administração,SEJA FODA!,"Autor:CARNEIRO, CAIO","R$ 59,90"
Administração,O PODER DO HÁBITO,"Tradutor:MANTOVANI, RAFAEL|Autor:DUHIGG, CHARLES","R$ 82,90"
Administração,LIDERANÇA E PROPÓSITO,"Autor:KOFMAN, FRED|Tradutor:ZEYTOULIAN, WILLIAM","R$ 54,90"
Administração,AS 9 CRIANÇAS FERIDAS DO ENEAGRAMA,"Organizador:ANDRÉIA ROMA|Autor:MARCO MEDA|Autor:ZUIN, MARIANA","R$ 89,90"
Administração,UMA SOBE E PUXA A OUTRA,"Autor:PELAJO, CHRISTIANE","R$ 68,90"
Administração,PLANEJAMENTO ESTRATÉGICO,"Autor:CHIAVENATO, IDALBERTO","R$ 150,00"
Administração,GERENCIANDO COM AS PESSOAS,"Autor:CHIAVENATO, IDALBERTO","R$ 119,00"
Administração,EXPERIÊNCIA DO COLABORADOR NA TEORIA,"Autor:ANDRADE, BRUNO|Autor:VIDAL, BARBARA|Autor:NÓBREGA, MARCELO|Autor:MACHADO, AGATHA|Autor:MORRISSON, ALESSANDRA|Autor:NOVAES, ANA JULIA|Autor:SIMOES, ANDREA|Autor:MILA, ANDREA|Autor:OLIVEIRA, ARGENTINO|Autor:NOBREGA, BEATRIZ|Autor:LACERDA, BRUNA|Autor:PEDRO, CLAYTON|Autor:BONANÇA, DANIELLA|Autor:CAVALVANTE, ELISA|Autor:LACERDA, FREDERICO|Autor:HERNANDEZ, LEOPOLDO|Autor:GORDIJO, LIDIA|Autor:PIMENTA, MARCELA|Autor:BAENA, MARCIA|Autor:VARALLI, MARIA ELISA|Autor:ZARINO, NARA|Autor:SOUZA, RANDER|Autor:ZAGUI, RAQUEL|Autor:CREDIDIO, RODRIGO|Autor:FARINA, SANDRA|Autor:PAMPU, SILVANA|Autor:BAHDE, SORAYA|Autor:GOPALAN, SUMAN|Autor:BALASTEGUIM, VALERIA|Autor:CLAVERY, SUZIE","R$ 89,90"
Administração,PENSE COMO UM CIENTISTA DE FOGUETES,"Autor:VAROL, OZAN|Tradutor:AMORIM, RENAN","R$ 67,00"
Administração,CULTURA ORGANIZACIONAL E LIDERANÇA,"Autor:SCHEIN, EDGAR H.","R$ 183,00"
Administração,LIDERE COMO OS GRANDES - UMA JORNADA DE LIDERANÇA COM OS MAIORES ESPECIALISTAS DO BRASIL - 1ª EDIÇÃO 2022,"Autor:ORTEGA, MARCELO","R$ 45,00"
Administração,A INTERPRETAÇÃO DAS DEMONSTRAÇÕES FINANCEIRAS,"Autor:GRAHAM, BENJAMIN|Autor:MEREDITH, SPENCER B.|Tradutor:FIUZA, BRUNO","R$ 49,90"
Administração,DESEMPENHO HUMANO NAS EMPRESAS,"Autor:CHIAVENATO, IDALBERTO","R$ 76,00"
Administração,"EMPLOYEE EXPERIENCE, GESTÃO DE PESSOAS E CULTURA ORGANIZACIONAL","Autor:MADRUGA, ROBERTO","R$ 114,00"
Administração,TREINAMENTO E DESENVOLVIMENTO DE RECURSOS HUMANOS - COMO INCREMENTAR TALENTOS NA EMPRESA,"Autor:CHIAVENATO, IDALBERTO","R$ 76,00"
Administração,"REMUNERAÇÃO, BENEFÍCIOS E RELAÇÕES DE TRABALHO - COMO RETER TALENTOS NA ORGANIZAÇÃO","Autor:CHIAVENATO, IDALBERTO","R$ 76,00"
HQs,CAVALEIROS DO ZODÍACO - SAINT SEIYA KANZENBAN - VOL. 14,"Autor:KURUMADA, MASAMI","R$ 64,90"
HQs,"NOVOS DEUSES, V.3","Autor:KIRBY, JACK","R$ 29,90"
HQs,JUBIABÁ,"Autor:AMADO, JORGE|Adaptador:SPACCA","R$ 62,90"
HQs,NEON GENESIS EVANGELION COLLECTOR'S EDITION VOL. 02,Autor:YOSHIYUKI SADAMOTO,"R$ 74,90"
HQs,A NOITE DOS PALHAÇOS MUDOS,N/A,"R$ 9,90"
HQs,TOKYO REVENGERS - VOL. 08,Autor:KEN WAKUI,"R$ 33,90"
HQs,CAVALEIROS DO ZODÍACO – SAINT SEIYA KANZENBAN VOL. 22,"Autor:KURUMADA, MASAMI","R$ 72,90"
HQs,CAVALEIROS DO ZODÍACO – SAINT SEIYA KANZENBAN VOL. 19,"Autor:KURUMADA, MASAMI","R$ 72,90"
HQs,CAVALEIROS DO ZODÍACO - SAINT SEIYA KANZENBAN - VOL. 15,"Autor:KURUMADA, MASAMI","R$ 64,90"
HQs,A ROSA MAIS VERMELHA DESABROCHA,"Autor:STROMQUIST, LIV","R$ 77,90"
HQs,CARDCAPTOR SAKURA - CLEAR CARD ARC - VOL. 3,Autor:CLAMP,"R$ 26,90"
HQs,O HOMEM DA MÁSCARA DE FERRO,"Autor:DUMAS, ALEXANDRE|Adaptador:PIPE, JIM","R$ 38,00"
HQs,AÂMA - VOLUME 2,"Autor:PEETERS, FREDERIK|Tradutor:SCHEIBE, FERNANDO","R$ 54,90"
HQs,TUA TERAPIA,"ROLON, GABRIEL / TUTE, JUAN MATÍAS LOISEAU","R$ 89,90"
HQs,O PAPAI É POP EM QUADRINHOS,"Roteirista:OLIVO, GLEISON P.|Ilustrador:BRANCHER FILHO, PAULO|Autor:PIANGERS, MARCOS","R$ 34,95"
HQs,O PLANETA LILÁS,"Autor:ZIRALDO|Colaborador:LINS, GUTO","R$ 52,90"
HQs,CORAÇÃO DAS TREVAS (EDIÇÃO EM QUADRINHOS),"Autor:CONRAD, JOSEPH|Ilustrador:KUPER, PETER|Tradutor:ASSIS, ÉRICO","R$ 69,90"
HQs,PASSA-ANEL,Autor:FITS|Ilustrador:FITS,"R$ 59,90"
HQs,BETTER ANGELS – AS MELHORES VIRTUDES,"Autor:JENSEN, JEFF|Ilustrador:SCHALL, GEGÊ|Tradutor:BARRETO, FERNANDA","R$ 89,90"
HQs,WIND BREAKER 01,"Autor:NII, SATORU","R$ 36,90"
HQs,VINGADORES SELVAGENS VOL. 7,"Autor:MAGNO, CARLOS","R$ 31,90"
HQs,MONONOGATARI: ESPÍRITOS POSSESSORES 03,"Autor:GONDAIRA, HITSUJI","R$ 36,90"
HQs,NOSSAS CORES 01,"Autor:TAGAME, GENGOROH","R$ 37,90"
HQs,STAR WARS: REBELDES VOL. 1,"Autor:AOKI, AKIRA",N/A
Engenharia,SENSORES INDUSTRIAIS,"Autor:THOMAZINI, DANIEL|Autor:ALBUQUERQUE, PEDRO URBANO BRAGA DE","R$ 92,00"
Engenharia,A ERA DA IA,"Autor:SCHMIDT, ERIC|Tradutor:SCHREINER, VANESSA","R$ 69,90"
Engenharia,DESENHO TÉCNICO MODERNO,"Autor:SILVA, ARLINDO","R$ 249,00"
Engenharia,INTRODUÇÃO À ROBÓTICA,"Autor:MATARIC, MAJA J.|Tradutor:FERASOLI FILHO, HUMBERTO|Tradutor:SILVA, JOSE REINALDO|Tradutor:ALVES, SILAS FRANCO DOS REIS|Ilustrador:KOENIG, NATHAN","R$ 113,00"
Engenharia,TOPOGRAFIA PARA ENGENHARIA - TEORIA E PRÁTICA DE GEOMÁTICA,"Autor:SILVA, IRINEU DA","R$ 165,00"
Engenharia,INSTALAÇÕES ELÉTRICAS INDUSTRIAIS,"Autor:MAMEDE FILHO, JOAO","R$ 485,00"
Engenharia,GERENCIAMENTO E COORDENAÇÃO DE PROJETOS BIM,"Autor:AMORIM, SERGIO ROBERTO LEUSIN DE","R$ 129,00"
Engenharia,TERMODINÂMICA NA ENGENHARIA QUÍMICA,"Autor:TAVARES, FREDERICO WANDERLEY","R$ 159,00"
Engenharia,Instalações Elétricas,N/A,"R$ 59,00"
Engenharia,FUNDAMENTOS DE TRANSFERÊNCIA DE CALOR PARA ENGENHARIA,"Autor:SIMÕES MOREIRA, JOSÉ ROBERTO","R$ 189,00"
Engenharia,"DESEMPENHO DAS EDIFICAÇÕES - PROJETO, CONSTRUÇÃO E MANUTENÇÃO","Autor:OLIVEIRA, LUCIANA ALVES DE","R$ 69,00"
Engenharia,REPENSANDO ERGONOMIA - DO EDIFÍCIO AO ESPAÇO URBANO,"Autor:MÜLFARTH, ROBERTA CONSENTINO KRONKA","R$ 159,00"
Engenharia,Resistência dos materiais,N/A,"R$ 59,00"
Engenharia,Proteção de Sistemas Elétricos de Potência,N/A,N/A
Engenharia,Mecânica técnica e resistência dos materiais,N/A,N/A
Engenharia,Análise de Estruturas,N/A,N/A
Engenharia,Algoritmos: Teoria e Prática,N/A,N/A
Engenharia,Ciência e Engenharia de Materiais - Uma Introdução,N/A,N/A
Engenharia,Mecânica dos Solos,N/A,N/A
Engenharia,Microbiologia Industrial: Alimentos - Vol.2,N/A,N/A
Engenharia,Incropera - Fundamentos de Transferência de Calor e de Massa,N/A,N/A
Engenharia,Automação e instrumentação industrial com Arduino: Teoria e projetos,N/A,N/A
Engenharia,Elementos de eletrônica digital,N/A,N/A
Engenharia,Manual de Compostagem: Processo de Baixo Custo,N/A,N/A
Humor e Entretenimento,ESTRESSE E BURNOUT,"Autor:COQUETEL, EQUIPE","R$ 24,99"
Humor e Entretenimento,LIVRO COQUETEL OURO EURO NÍVEL MÉDIO ED 35,"Autor:COQUETEL, EQUIPE","R$ 15,99"
Humor e Entretenimento,LIVRO COQUETEL CRIPTOGRAMA NÍVEL MÉDIO ED 83,"Autor:COQUETEL, EQUIPE","R$ 21,99"
Humor e Entretenimento,LIVRO COQUETEL SÓ CAÇA PALAVRAS NÍVEL MÉDIO ED 17,"Autor:COQUETEL, EQUIPE","R$ 12,99"
Humor e Entretenimento,LIVRO COQUETEL OURO DÓLAR NÍVEL MÉDIO ED 34,"Autor:COQUETEL, EQUIPE","R$ 15,99"
Humor e Entretenimento,LIVRO COQUETEL LETRÃO NÍVEL MÉDIO ED 03,"Autor:COQUETEL, EQUIPE","R$ 21,99"
Humor e Entretenimento,LIVRO MAIS 150 CRIPTOS NÍVEL MÉDIO ED 31,"Autor:COQUETEL, EQUIPE","R$ 26,90"
Humor e Entretenimento,365 CRUZADAS DIRETAS - NÍVEL DIFÍCIL I,"Autor:CULTURAL, CIRANDA","R$ 19,90"
Humor e Entretenimento,365 CRUZADAS DIRETAS - NÍVEL MÉDIO I,"Autor:CULTURAL, CIRANDA","R$ 19,90"
Humor e Entretenimento,ANIMAIS DA FAZENDA,"Autor:CULTURAL, CIRANDA","R$ 44,90"
Humor e Entretenimento,DISNEY 100 ANOS DE EMOÇÃO – O LIVRO DE COLORIR,"Tradutor:VIEIRA, FELIPE CF|Autor:DISNEY, ARQUIVOS WALT","R$ 69,90"
Humor e Entretenimento,QUATRO TITIAS E UM CASAMENTO (LIVRO 2),"Autor:SUTANTO, JESSE Q.","R$ 59,90"
Humor e Entretenimento,LIVRO COQUETEL PALAVRAS CRUZADAS DESAFIO ED 60,"Autor:COQUETEL, EQUIPE","R$ 21,99"
Humor e Entretenimento,LIVRO COQUETEL DESAFIOS DE LÓGICA ED 25,"Autor:COQUETEL, EQUIPE","R$ 21,99"
Humor e Entretenimento,LIVRO COQUETEL CAÇA-PALAVRAS NÍVEL FÁCIL ED 51,"Autor:COQUETEL, EQUIPE","R$ 21,99"
Humor e Entretenimento,LIVRO COQUETEL LETRÃO DESAFIO ED 03,"Autor:COQUETEL, EQUIPE","R$ 21,99"
Humor e Entretenimento,LIVRO COQUETEL JUMBO CRIPTO NÍVEL MÉDIO ED 15,"Autor:COQUETEL, EQUIPE","R$ 26,90"
Humor e Entretenimento,LIVRO COQUETEL OURO DÓLAR NÍVEL MÉDIO ED 33,"Autor:COQUETEL, EQUIPE","R$ 15,99"
Humor e Entretenimento,LIVRO COQUETEL SUPER CRUZADAS DIRETAS NÍVEL MÉDIO ED 16,"Autor:COQUETEL, EQUIPE","R$ 12,99"
Humor e Entretenimento,LIVRO COQUETEL MAIS 150 CAÇA-PALAVRAS E MUITOS OUTROS JOGOS NÍVEL FÁCIL ED 28,"Autor:COQUETEL, EQUIPE","R$ 26,90"
Humor e Entretenimento,ALMANAQUE PASSATEMPOS SABE-TUDO 365 CAÇA-PALAVRAS - LITERATURA BRASILEIRA,Autor:ON LINE EDITORA|Organizador:ON LINE EDITORA,"R$ 29,99"
Humor e Entretenimento,ALMANAQUE PASSATEMPOS SABE-TUDO 365 CAÇA-PALAVRAS - ANIMAIS DO BRASIL E DO MUNDO,Autor:ON LINE EDITORA|Organizador:ON LINE EDITORA,"R$ 29,99"
Humor e Entretenimento,PRINCESAS,"Autor:CULTURAL, CIRANDA","R$ 29,90"
Humor e Entretenimento,ALMANAQUE PASSATEMPOS SABE-TUDO 365 CAÇA-PALAVRAS - MITOLOGIA,Autor:ON LINE EDITORA|Organizador:ON LINE EDITORA,"R$ 29,99"
Informática e Tecnologia,CONVERSANDO COM ROBÔS,"Autor:MURTA, RODRIGO","R$ 79,90"
Informática e Tecnologia,A SEGUNDA ALMA,"Autor:CRUZ DA SILVA, JUCÉLIO","R$ 56,90"
Informática e Tecnologia,ENTRE NO METAVERSO,"Autor:RIJMENAM, MARK VAN","R$ 69,90"
Informática e Tecnologia,TI – TECNOLOGIA DA INFORMAÇÃO,"Autor:WOERNER, STEPHANIE L.","R$ 89,00"
Informática e Tecnologia,CYBERPSICOLOGIA E MARKETING ONLINE,"Autor:VOLPONI, RODRIGO","R$ 54,90"
Informática e Tecnologia,ALGORITMOS E ESTRUTURAS DE DADOS EM LINGUAGEM C,"Autor:BACKES, ANDRÉ RICARDO","R$ 199,00"
Informática e Tecnologia,SIMPLIFICANDO ALGORITMOS,"Autor:MENÉNDEZ, ANDRÉS","R$ 125,00"
Informática e Tecnologia,PROGRAMAÇÃO DE SISTEMAS EMBARCADOS,"Autor:ALMEIDA, RODRIGO MAXIMIANO A.","R$ 179,00"
Informática e Tecnologia,A ROBOTICA,N/A,"R$ 22,50"
Informática e Tecnologia,Elasticsearch: Consumindo Dados Real-time com Elk,N/A,N/A
Informática e Tecnologia,Redes de Computadores,N/A,N/A
Informática e Tecnologia,"Flexíveis, Virtuais e Precários?: Os Trabalhadores Em Tecnologias De Informação",N/A,N/A
Informática e Tecnologia,Redes de computadores e a Internet,N/A,N/A
Informática e Tecnologia,"Indústria 4.0: Fundamentos, perspectivas e aplicações",N/A,N/A
Informática e Tecnologia,Programação de Sistemas Embarcados,N/A,N/A
Informática e Tecnologia,Lógica de programação: A construção de algoritmos e estruturas de dados com aplicações em Python,N/A,N/A
Informática e Tecnologia,Redes de Computadores e Internet,N/A,N/A
Informática e Tecnologia,Redes Neurais: Princípios e Prática,N/A,N/A
Informática e Tecnologia,Estruturas de Dados e Seus Algoritmos,N/A,N/A
Informática e Tecnologia,Redes Opticas de Acesso em Telecomunicações,N/A,N/A
Informática e Tecnologia,Lean UX: projetando ótimos produtos com equipes Agile,N/A,N/A
Informática e Tecnologia,Usando o MS Project 2016 em Gerenciamento de Projetos,N/A,N/A
Informática e Tecnologia,Jogos digitais: Programação multiplataforma com a biblioteca Phaser,N/A,N/A
Informática e Tecnologia,Mercado Financeiro: Programação E Soluções Dinâmicas Com Microsoft Office Excel 2016 E Vba,N/A,N/A
Arquitetura,SE A CIDADE FOSSE NOSSA,"Autor:BERTH, JOICE","R$ 69,90"
Arquitetura,"HISTORIA DA ARQUITETURA, A","Autor:GLANCEY, JONATHAN","R$ 39,95"
Arquitetura,VIII BIENAL DE ARQUITECTURA ESPANHOLA 2005,N/A,"R$ 125,38"
Arquitetura,BETH CHATTO'S GRAVEL GARDEN,N/A,"R$ 86,63"
Arquitetura,"DECORAÇÃO DE JANELAS, V.1",N/A,"R$ 80,00"
Arquitetura,"DESIGNERS LIFE, A",N/A,"R$ 209,55"
Arquitetura,PROCEED AND BE BOLD,N/A,"R$ 114,30"
Arquitetura,EVERYTHING BY DESIGN,N/A,"R$ 98,87"
Arquitetura,ARTE DE PROJETAR EM ARQUITETURA + BRINDE PLANNER DO ARQUITETO,"Autor:NEUFERT, ERNST","R$ 279,00"
Arquitetura,O FANTASMA DA UTOPIA,"Autor:MARTIN, REINHOLD","R$ 79,90"
Arquitetura,101 REGRAS BÁSICAS PARA UMA ARQUITETURA DE BAIXO CONSUMO ENERGÉTICO,"Autor:HEYWOOD, HUW","R$ 165,00"
Arquitetura,O urbanismo,N/A,"R$ 92,40"
Arquitetura,CASA COMIGO?,"Autor:CALIL, JULIANA","R$ 59,90"
Arquitetura,"MAIS PLANTAS, POR FAVOR","Tradutor:MIRANDA, GUILHERME|Autor:RESTA, ALESSIA|Ilustrador:PERINI, LUCILA","R$ 69,90"
Arquitetura,SÃO PAULO ARCHITECTURAL GUIDE,"Organizador:VALENTIM, FABIO|Tradutor:SOMERVELL, PHILIP","R$ 60,00"
Arquitetura,ARQUITETURA CONTEMPORÂNEA,"Tradutor:MEDINA, MARIA BEATRIZ DE|Autor:GHIRARDO, DIANE","R$ 99,90"
Arquitetura,Projeto e Paisagem Urbana: Ensaios de Projeto para a Área Central de Curitiba,N/A,N/A
Arquitetura,Arte de projetar em arquitetura,N/A,N/A
Arquitetura,Urbanismo,N/A,N/A
Arquitetura,Book Cakes: A Seleção dos Melhores Cake Designers do Brasil - Vol.1,N/A,N/A
Arquitetura,O Trianon do MAM ao MASP: Arquitetura e política em São Paulo (1946-1968),N/A,N/A
Arquitetura,Rússia: a reconstrução da arquitetura na União Soviética,N/A,N/A
Arquitetura,A imagem da cidade,N/A,N/A
Arquitetura,ORIGENS DA HABITAÇÃO SOCIAL NO BRASIL,"Autor:BONDUKI, NABIL",N/A
Economia,FORMAÇÃO ECONÔMICA DO BRASIL,"Autor:FURTADO, CELSO","R$ 72,90"
Economia,BLOCKCHAIN: REVOLUÇÃO PARA UMA NOVA ERA FINANCEIRA?,"Autor:PEJIC, IGOR","R$ 24,95"
Economia,A RIQUEZA DAS NAÇÕES,"Autor:SMITH, ADAM|Introdução:BEHAR, MAXIM|Tradutor:DE PAULA LIMA, NORBERTO|Organizador:DE PAULA LIMA, NORBERTO","R$ 89,90"
Economia,APLICANDO A TEORIA DOS LEILÕES,"Autor:MILGROM, PAUL|Tradutor:SIEGERT, EDITE","R$ 97,90"
Economia,Teoria Geral Da Administração,N/A,"R$ 59,00"
Economia,COMO SE PREPARAR PARA ECONOMIA LIBERAL,"Autor:REED, LAWRENCE W.|Tradutor:PACCINI, MATHEUS","R$ 19,95"
Economia,CRIATIVIDADE E EMANCIPAÇÃO NAS COMUNIDADES-REDE,"Organizador:LEITAO, CLAUDIA SOUSA","R$ 49,90"
Economia,O ANTROPOCENO E AS HUMANIDADES,"Autor:VEIGA, JOSE ELI DA","R$ 59,00"
Economia,ECONOMIA DA CULTURA E INDÚSTRIAS CRIATIVAS - TOMO III - TEMAS EMERGENTES E TENDÊNCIAS,"Organizador:VALIATI, LEANDRO","R$ 39,90"
Economia,TRIBUTAÇÃO DO SETOR DE CONSUMO E VAREJO - TEMAS ATUAIS,"Autor:CHIAPINOTTO, GIANCARLO","R$ 95,00"
Economia,A HORA DOS ECONOMISTAS,"Tradutor:CARNEIRO, TERESA DIAS|Autor:APPELBAUM, BINYAMIN","R$ 79,90"
Economia,ECONOMIA DA CULTURA E INDÚSTRIAS CRIATIVAS - TOMO I - FUNDAMENTOS E EVIDÊNCIAS,"Organizador:VALIATI, LEANDRO","R$ 39,90"
Economia,"ECONOMIA DA CULTURA E INDÚSTRIAS CRIATIVAS - TOMO II - POLÍTICAS PÚBLICAS, EVIDÊNCIAS E MODELOS","Organizador:VALIATI, LEANDRO","R$ 39,90"
Economia,INTRODUÇÃO À ECONOMIA,"Autor:KRUGMAN, PAUL","R$ 330,00"
Economia,START UP NATION,"Autor:SENOR, DAN","R$ 66,00"
Economia,Gerenciando com as Pessoas,N/A,N/A
Economia,Introdução ao Empreendedorismo,N/A,N/A
Economia,Gestão de Alta Performance: Tudo o que um gestor precisa saber para gerenciar equipes e manter o foco em resultados,N/A,N/A
Economia,Checklist: Como fazer as coisas bem-feitas,N/A,N/A
Economia,Gemba Kaizen: Uma Abordagem de Bom Senso à Estratégia de Melhoria Contínua,N/A,N/A
Economia,Laboratório de logística: testando teoria com um jogo de empresas,N/A,N/A
Economia,Curso De Mercado Financeiro: Tópicos Especiais,N/A,N/A
Economia,Contabilidade Pública,N/A,N/A
Economia,Noções De Análise De Demonstrações Contábeis,N/A,N/A
Literatura Internacional,A BIBLIOTECA DA MEIA-NOITE,"Autor:HAIG, MATT|Tradutor:FIDALGO, ADRIANA","R$ 54,90"
Literatura Internacional,É ASSIM QUE ACABA,"Autor:HOOVER, COLLEEN|Tradutor:CATAO, PRISCILA","R$ 49,90"
Literatura Internacional,RAINHA CHARLOTTE,"Autor:QUINN, JULIA|Tradutor:ALMEIDA, LIVIA DE","R$ 59,90"
Literatura Internacional,LOUCOS POR LIVROS,"Tradutor:RODRIGUES, ANA|Autor:HENRY, EMILY","R$ 54,90"
Literatura Internacional,CURA PELAS PALAVRAS,"Autor:KAUR, RUPI","R$ 69,90"
Literatura Internacional,BOX OS BRIDGERTONS - EDIÇÃO LUXO,"Autor:QUINN, JULIA|Tradutor:ZANON, CASSIA","R$ 499,90"
Literatura Internacional,A ÚLTIMA CASA DA RUA NEEDLESS,"Tradutor:CHRISTINA ROCQUE DA MOTTA, THEREZA|Autor:WARD, CATRIONA","R$ 59,90"
Literatura Internacional,UM DEFEITO DE COR - EDIÇÃO ESPECIAL,"Autor:GONÇALVES, ANA MARIA","R$ 189,90"
Literatura Internacional,NÃO FOSSEM AS SÍLABAS DO SÁBADO,"Autor:CARRARA, MARIANA SALOMAO|Ilustrador:SANTIAGO, ANA HELOISA","R$ 64,90"
Literatura Internacional,OS DOIS MORREM NO FINAL,"Tradutor:MARTINS, VITOR|Autor:SILVERA, ADAM","R$ 59,90"
Literatura Internacional,O SOL É PARA TODOS,"Autor:LEE, HARPER|Tradutor:HORTA, BEATRIZ","R$ 69,90"
Literatura Internacional,A PACIENTE SILENCIOSA,"Autor:MICHAELIDES, ALEX","R$ 59,90"
Literatura Internacional,CEM ANOS DE SOLIDÃO,"Autor:GARCIA MARQUEZ, GABRIEL|Tradutor:NEPOMUCENO, ERIC","R$ 74,90"
Literatura Internacional,MEMÓRIAS PÓSTUMAS DE BRÁS CUBAS: EDIÇÃO BOLSO DE LUXO,"Ilustrador:NOBRE, RAFAEL|Prefácio/Posfácio:MARTINS, GEOVANI|Autor:ASSIS, MACHADO DE","R$ 59,90"
Literatura Internacional,A EMPREGADA,"Autor:MCFADDEN, FREIDA|Tradutor:CLAPP, ROBERTA","R$ 59,90"
Literatura Internacional,A GUARDA-COSTAS,"Autor:CENTER, KATHERINE","R$ 69,90"
Literatura Internacional,A ILHA PERDIDA GULLSTRUCK,"Autor:HARDINGE, FRANCES|Tradutor:SERPA, MARIANA","R$ 99,90"
Literatura Internacional,LIVRO DO DESASSOSSEGO (EDIÇÃO REVISTA E ATUALIZADA),"Autor:PESSOA, FERNANDO|Prefácio/Posfácio:PERRONE-MOISES, LEYLA|Organizador:ZENITH, RICHARD|Ilustrador:RAMOS, ELAINE","R$ 124,90"
Literatura Internacional,AFTER: A GRAPHIC NOVEL (VOL. 1),"Tradutor:COELHO, CAROLINA CAIRES|Autor:TODD, ANNA","R$ 59,90"
Literatura Internacional,É ASSIM QUE ACABA (EDIÇÃO DE COLECIONADOR),"Autor:HOOVER, COLLEEN","R$ 69,90"
Literatura Internacional,MÉTRICA (VOL. 1 SLAMMED),"Autor:HOOVER, COLLEEN|Tradutor:CATAO, PRISCILA","R$ 54,90"
Literatura Internacional,ESSA GAROTA (VOL. 3 SLAMMED),"Autor:HOOVER, COLLEEN|Tradutor:CATAO, PRISCILA","R$ 54,90"
Literatura Internacional,SUL E OESTE,"Autor:DIDION, JOAN|Tradutor:VARGAS, MARINA","R$ 24,95"
Literatura Internacional,UM EXPERIMENTO DE AMOR EM NOVA YORK (SUCESSO DO TIKTOK),"Tradutor:ESTECHE, ALESSANDRA|Autor:ARMAS, ELENA","R$ 64,90"
Artes e Fotografia,ANTARCTICA ARTES COM A FOLHA,Autor:VARIOS AUTORES,"R$ 116,00"
Artes e Fotografia,"PROSTITUTA RESPEITOSA, A","Autor:SARTRE, JEAN-PAUL","R$ 18,45"
Artes e Fotografia,TOM NA FAZENDA,"Autor:BOUCHARD, MICHEL MARC|Tradutor:BABAIOFF, ARMANDO","R$ 38,00"
Artes e Fotografia,AS VINTE E NOVE CARTAS,"Autor:AZEVEDO, SONIA MACHADO DE|Prefácio/Posfácio:AZEVEDO, AMILTON DE","R$ 26,20"
Artes e Fotografia,VAMOS COLORIR - SELVA,Autor:GIRASSOL,"R$ 34,90"
Artes e Fotografia,VÓRTICES,"Autor:ROSSEB, GUSTAVO","R$ 54,90"
Artes e Fotografia,CHIC - MULHER,"Autor:KALIL, GLORIA","R$ 46,50"
Artes e Fotografia,KISS – POR TRÁS DA MÁSCARA,"Autor:LEAF, DAVID|Tradutor:AKEMI ARATA, AUREA","R$ 139,90"
Artes e Fotografia,LED ZEPPELIN - STAIRWAY TO HEAVEN,"Autor:COLE, RICHARD|Tradutor:ALVES, PAULO","R$ 299,00"
Artes e Fotografia,SUPERCOLORIR - UNICÓRNIO,Autor:GIRASSOL,"R$ 29,90"
Artes e Fotografia,QUEEN - SOMEBODY TO LOVE,"Autor:RICHARDS, MATT|Tradutor:AIBE, MAYUMI","R$ 299,00"
Artes e Fotografia,DAVID BOWIE - SPIDER FROM MARS,"Introdução:VISCONTI, TONY|Tradutor:SOLDATELLI, CANDICE|Autor:WOODMANSEY, WOODY","R$ 299,00"
Artes e Fotografia,EU DORMI COM JOEY RAMONE,"Autor:LEIGH, MICKEY|Tradutor:LIMA, HILTON","R$ 299,00"
Artes e Fotografia,BLACK SABBATH,"Autor:TANGYE, DAVE|Tradutor:ALVES, EDUARDO","R$ 299,00"
Artes e Fotografia,BEATLES - UMA HISTÓRIA GRÁFICA COMPLETA,"Autor:PRING, JOHN|Tradutor:SOLDATELLI, CANDICE","R$ 299,00"
Artes e Fotografia,O TEATRO DE MEU TEMPO,"Organizador:VARGAS, MARIA THEREZA|Autor:MESQUITA, ALFREDO","R$ 69,90"
Artes e Fotografia,QUEM TEM MEDO DE FAXINA?,"Autor:ZAPPA, CAROL","R$ 49,90"
Artes e Fotografia,NA TRILHA DO POP,"Autor:SANNEH, KELEFA|Tradutor:CZARNOBAI, ANDRÉ|Ilustrador:BARROS, ELOHIM","R$ 129,90"
Artes e Fotografia,A ÚLTIMA DA FESTA,"Tradutor:DAMÁSIO VALPASSOS, JACQUELINE|Autor:CLIFT, BETHANY","R$ 64,90"
Artes e Fotografia,CLEOPATRA E FRANKENSTEIN,"Tradutor:JULLES, DINAURA|Autor:MELLORS, COCO","R$ 69,90"
Artes e Fotografia,TEATRO COMPLETO VOLUME 3,"Autor:HILST, HILDA|Ilustrador:PINHEIRO MACHADO, IVAN","R$ 29,90"
Artes e Fotografia,UM RETRATO DE GIACOMETTI,"Autor:LORD, JAMES|Tradutor:EUVALDO, CÉLIA","R$ 59,90"
Artes e Fotografia,A FOTOGRAFIA COMO ARTE CONTEMPORÂNEA,"Autor:COTTON, CHARLOTTE",N/A
Artes e Fotografia,Frans Krajcberg: A Obra que Não Queremos Ver,N/A,N/A
Educação,MARCHA CRIANÇA CALIGRAFIA 3º ANO,"Autor:TERESA, MARIA","R$ 101,00"
Educação,MARCHA CRIANÇA PORTUGUÊS 1º ANO,"Autor:TERESA, MARIA","R$ 145,00"
Educação,"O GESTOR, O CURRÍCULO E O ITINERÁRIO FORMATIVO DO PROFESSOR:","Autor:SOUZA, CLAUDIA XAVIER DA COSTA","R$ 45,00"
Educação,ANIMAÇÃO 2,"Autor:RAYES, CRISTIANE","R$ 59,90"
Educação,"BRINCAR, RECICLAR E APRENDER NA INFÂNCIA","Autor:FURTADO, VALERIA QUEIROZ","R$ 60,00"
Educação,ESCRITOS DE EDUCAÇÃO,"Autor:BOURDIEU, PIERRE|Organizador:NOGUEIRA, MARIA ALICE","R$ 99,00"
Educação,AUTISMO PARA EDUCADORES,Organizador:ANDRÉIA ROMA|Autor:CINTIA CASTRO,"R$ 112,90"
Educação,SOBREVIVENDO AO RACISMO:,"Autor:TOLENTINO, LUANA","R$ 59,90"
Educação,OS DIAS E OS LIVROS,"Tradutor:CACCIACARRO, CARMEN|Autor:GOLDIN, DANIEL","R$ 22,75"
Educação,EDUCAR OS SENTIMENTOS,"Autor:AGUILO, ALFONSO","R$ 72,00"
Educação,CRIANDO PENSADORES CRÍTICOS,"Autor:BOGART, JULIE|Tradutor:AMORIM, RENAN","R$ 91,90"
Educação,CONTOS CRIOULOS DA BAHIA,Autor:MESTRE DIDI,"R$ 40,00"
Educação,NOSSA GRAMÁTICA SIMPLIFICADA,"Autor:SACCONI, LUIZ ANTONIO","R$ 119,00"
Educação,TÓPICOS DE MATEMÁTICA APLICADA,"Autor:MACEDO, LUIZ ROBERTO DIAS DE|Autor:CASTANHEIRA, NELSON PEREIRA|Autor:ROCHA, ALEX","R$ 38,50"
Educação,PESQUISA CIENTÍFICA:,"Autor:CASARIN, HELEN DE CASTRO SILVA|Autor:CASARIN, SAMUEL JOSÉ","R$ 35,00"
Educação,GUIA DA CULTURA JAPONESA,"Autor:VARIAS, ALEXANDER","R$ 49,00"
Educação,SIGNIFICANDO PRÁTICAS E PRATICANDO SIGNIFICAÇÕES,"Autor:TCHIENGO BARTOLOMEU COSTA, FELIZARDO","R$ 26,00"
Educação,UMA INTRODUÇÃO À FILOSOFIA DAS CIÊNCIAS DA VIDA E DA SAÚDE,"Autor:PEREIRA JR., AFREDO","R$ 35,00"
Educação,LER O CORPO PARA ENTENDER A MENTE,"Tradutor:BRITO, LÚCIA HELENA DE SEIXAS|Autor:DELAHOOKE, MONA","R$ 119,00"
Educação,COMO DECIDIR,"Autor:DUKE, ANNIE|Tradutor:PÉRISSE, DANIEL","R$ 74,90"
Educação,O JOGO DA LINGUAGEM,"Autor:CHRISTIANSEN, MORTEN H.|Tradutor:VARGAS, BERILO|Ilustrador:NEVES, NIK","R$ 99,90"
Educação,IDEIAS EXTRAORDINÁRIAS FAZEM DINHEIRO,"Autor:JORGGE, ADRIANA","R$ 59,90"
Educação,NO PRINCÍPIO ERA A EDUCAÇÃO,"Autor:MILLER, ALICE",N/A
Educação,RELAÇÕES INTERPESSOAIS E AUTOESTIMA,"Autor:ANTUNES, CELSO",N/A
Literatura Nacional,TORTO ARADO,"Autor:VIEIRA JUNIOR, ITAMAR","R$ 69,90"
Literatura Nacional,TUDO É RIO,"Autor:MADEIRA, CARLA","R$ 59,90"
Literatura Nacional,A NATUREZA DA MORDIDA,"Autor:MADEIRA, CARLA","R$ 59,90"
Literatura Nacional,SALVAR O FOGO,"Autor:VIEIRA JUNIOR, ITAMAR","R$ 76,90"
Literatura Nacional,O FANTÁSTICO SENHOR RAPOSO,"Autor:DAHL, ROALD|Tradutor:CAMARGO, JEFFERSON LUIZ","R$ 44,90"
Literatura Nacional,A VIDA COMO ELA É... EM 100 INÉDITOS,"Autor:RODRIGUES, NELSON","R$ 59,90"
Literatura Nacional,ELIZE MATSUNAGA,"Autor:CAMPBELL, ULISSES","R$ 72,00"
Literatura Nacional,O AVESSO DA PELE – VENCEDOR JABUTI 2021,"Ilustrador:CHIESORIN NUNES, ALCEU|Autor:TENORIO, JEFERSON","R$ 67,90"
Literatura Nacional,MANUAL DO AUTISMO,"Autor:TEIXEIRA, GUSTAVO|Autor:TEIXEIRA, DR GUSTAVO","R$ 44,90"
Literatura Nacional,O TEMPO E O VENTO - PARTE 1,"Autor:VERISSIMO, ERICO","R$ 67,90"
Literatura Nacional,TENDA DOS MILAGRES,"Autor:AMADO, JORGE","R$ 72,90"
Literatura Nacional,MILLÔR DEFINITIVO – A BÍBLIA DO CAOS,"Autor:FERNANDES, MILLOR","R$ 46,90"
Literatura Nacional,PERDAS E GANHOS,"LUFT, LYA","R$ 59,90"
Literatura Nacional,O MUNDO É GRANDE,"ANDRADE, CARLOS DRUMMOND DE","R$ 79,90"
Literatura Nacional,BOX RACHEL DE QUEIROZ,"QUEIROZ, RACHEL DE","R$ 129,90"
Literatura Nacional,BOX COMPÊNDIO MÍTICO DO RIO DE JANEIRO,"MUSSA, ALBERTO","R$ 249,90"
Literatura Nacional,"MENINOS DE DEUS, OS","Autor:ROCHA, JOSE RIBEIRO","R$ 19,95"
Literatura Nacional,DEUS ME DISSE QUE NÃO EXISTE,"Autor:LANYI, JOSE PAULO","R$ 18,00"
Literatura Nacional,O AMARGO E O DOCE,"Autor:NOMAN, FUAD","R$ 21,00"
Literatura Nacional,O RELICARIO,"Autor:MARIA, ALÍCIA","R$ 24,95"
Literatura Nacional,REFUGIADOS. O ROMANCE,"Autor:VIEIRA, ANDREIA COSTA","R$ 42,00"
Literatura Nacional,PEQUENO CONCERTO PARA GENTE GRANDE,"Autor:APARECIDO DE MOARES, REINALDO","R$ 36,00"
Literatura Nacional,OS VIAJORES,"Autor:PINHEIRO, ROBSON","R$ 39,50"
Literatura Nacional,O GAÚCHO,"Autor:ALENCAR, JOSÉ DE",N/A
Biografias,RITA LEE,"Autor:LEE, RITA","R$ 64,90"
Biografias,EM BUSCA DE MIM,"Autor:DAVIS, VIOLA|Tradutor:RIBEIRO, KARINE","R$ 54,90"
Biografias,DESEJOS DA ALMA,"Autor:URACH, ANDRESSA","R$ 23,90"
Biografias,AS GÊMEAS DE AUSCHWITZ,"Tradutor:KRIEGER, SAULO|Autor:MOZES KOR, EVA","R$ 44,90"
Biografias,AOS PRANTOS NO MERCADO,"Autor:ZAUNER, MICHELLE","R$ 69,90"
Biografias,SUZANE ASSASSINA E MANIPULADORA,"Autor:CAMPBELL, ULLISSES","R$ 65,00"
Biografias,STALIN - BOXE,"Autor:VOLKOGONOV, DMITRI|Tradutor:BRÍZIDA, JOUBERT DE OLIVEIRA","R$ 119,90"
Biografias,CARTA A D.,"Autor:GORZ, ANDRE|Tradutor:JR, CELSO AZZAN","R$ 54,90"
Biografias,A INVENÇÃO DA SOLIDÃO,"Autor:AUSTER, PAUL|Tradutor:FIGUEIREDO, RUBENS","R$ 67,90"
Biografias,MINHA MÃE TEM SINDROME DE DOWN...E DAÍ?,"CÂNDIDA DA SILVA, CRISTINNA MARIA","R$ 59,90"
Biografias,BEYOND THE STORY - UMA HISTÓRIA DOS 10 ANOS DE,"BTS / KANG, MYEONGSEOK","R$ 159,90"
Biografias,A MULHER EM MIM,"SPEARS, BRITNEY","R$ 119,90"
Biografias,TÊTE-À-TÊTE,"Autor:ROWLEY, HAZEL","R$ 49,95"
Biografias,AS VISIONÁRIAS,"Autor:EILENBERGER, WOLFRAM|Tradutor:ABELING, CLAUDIA","R$ 47,45"
Biografias,O RESTAURADOR DE ROSTOS,"Tradutor:DINIZ, PAULA|Autor:FITZHARRIS, LINDSEY","R$ 29,95"
Biografias,O LIVRO DA ESPERANÇA,"Autor:ABRAMS, DOUGLAS|Tradutor:MESQUITA, ANA CAROLINA","R$ 54,90"
Biografias,NÓS,"Autor:KLINK, TAMARA|Ilustrador:RANDOW, ELISA VON","R$ 69,90"
Biografias,INVERNO,"Tradutor:BRAGA, GUILHERME DA SILVA|Ilustrador:LOUREIRO, RAUL|Autor:KNAUSGARD, KARL OVE","R$ 89,90"
Biografias,MÁRIO GAZIN: A HISTÓRIA DO MENINO POBRE QUE MUDOU UMA REGIÃO E FUNDOU UMA DAS PRINCIPAIS REDES DE VAREJO,"Autor:AWAD, ELIAS","R$ 89,90"
Biografias,LOUIS VUITTON: UMA SAGA,"Autor:BONVICINI, STEPHANIE","R$ 79,90"
Biografias,A VIDA DE H.P. LOVECRAFT,"Autor:JOSHI, ST","R$ 84,50"
Biografias,A RAINHA,"Autor:MORTON, ANDREW|Tradutor:BONRRUQUER, ALESSANDRA","R$ 64,90"
Biografias,RESPECT,"Autor:RITZ, DAVID|Tradutor:RIBEIRO, KARINE","R$ 139,90"
Biografias,OBSESSÃO PELO CLIENTE,"Autor:BRYAR, COLIN","R$ 64,90"
Ensino de Línguas,DIREITO DO TRABALHO,"Autor:BOMFIM, VOLIA","R$ 385,00"
Ensino de Línguas,LACAN CHINÊS,"Autor:ANDRADE, CLEYTON","R$ 64,90"
Ensino de Línguas,COLEÇÃO DECIFRADO - PEÇA PRÁTICA DECIFRADA PARA DELEGADO DE POLÍCIA,"Autor:FERREIRA, MARCELO ZAGO GOMES","R$ 234,00"
Ensino de Línguas,ORGANIZANDO PROJETOS DE PESQUISA,"Autor:LACRUZ, ADONAI JOSE","R$ 54,90"
Ensino de Línguas,SÉRIE PROVAS & CONCURSOS - RACIOCÍNIO LÓGICO-MATEMÁTICO PARA CONCURSOS PÚBLICOS - TEORIA E PRÁTICA,"Autor:LUSTOSA, DANIEL","R$ 134,00"
Ensino de Línguas,THE GREAT FIRE OF LONDON,"Autor:HARDY-GOULD, JANET","R$ 26,00"
Ensino de Línguas,COLEÇÃO DECIFRADO - LEGISLAÇÃO PENAL DECIFRADA,"Autor:PORTOCARRERO, CLAUDIA BARROS","R$ 249,00"
Ensino de Línguas,COLEÇÃO MÉTODO ESSENCIAL - DIREITO INTERNACIONAL PÚBLICO,"Autor:ARAS, VLADIMIR","R$ 109,00"
Ensino de Línguas,TREES,Autor:OXFORD UNIV PR,"R$ 38,10"
Ensino de Línguas,THE MAGIC BARBER LEVEL 1 (COM CD),"Autor:MILNE, JOHN","R$ 25,47"
Ensino de Línguas,COLEÇÃO DECIFRADA - CRIMINOLOGIA,"Autor:ANDRADE, ANEZIO","R$ 129,00"
Ensino de Línguas,DESCOLIVRO ENEM - PARTE 2,"Autor:DESCOMPLICA, EQUIPE","R$ 248,00"
Ensino de Línguas,CUMBRE 3 - LIBRO DEL ALUMNO,N/A,"R$ 87,51"
Ensino de Línguas,THE COLDEST PLACE ON EARTH,"Autor:VICARY, TIM","R$ 24,50"
Ensino de Línguas,BUILDING SKILLS FOR THE TOEIC TEST - BOOK,"Autor:RICHARDSON, GINA","R$ 71,85"
Ensino de Línguas,ECHO A1 - LIVRE DE L'ELEVE,N/A,"R$ 92,51"
Ensino de Línguas,WIR A1 - ARBEITSBUCH,N/A,"R$ 80,19"
Ensino de Línguas,Fale Tudo em Inglês Avançado,N/A,N/A
Ensino de Línguas,Super Stars 3: Student Book - With Multi-rom,N/A,N/A
Ensino de Línguas,Brincando Com Inglês - 5º Ano,N/A,N/A
Ensino de Línguas,Brincando Com Inglês - 4º Ano,N/A,N/A
Ensino de Línguas,Coleção Crescer - Língua Portuguesa - 4º Ano,N/A,N/A
Ensino de Línguas,Gramática: Caderno de Revisão,N/A,N/A
Ensino de Línguas,Achievers A2: Student s Book,N/A,N/A
Medicina,MANUAL DIAGNÓSTICO E ESTATÍSTICO DE TRANSTORNOS MENTAIS - DSM-5-TR,Autor:AMERICAN PSYCHIATRIC ASSOCIATION,"R$ 310,00"
Medicina,GUYTON & HALL FUNDAMENTOS DE FISIOLOGIA,"Autor:HALL, JOHN E.","R$ 344,00"
Medicina,APH - RESGATE - EMERGÊNCIA EM TRAUMA,"Autor:SUEOKA, JUNIA","R$ 306,00"
Medicina,O VERDADEIRO CRIADOR DE TUDO,"Autor:NICOLELIS, MIGUEL","R$ 110,90"
Medicina,NEUROLOGIA E APRENDIZAGEM,"Organizador:BRIDI, FABIANE ROMANO DE SOUZA|Organizador:ROTTA, NEWRA TELLECHEA|Organizador:BRIDI FILHO, CESAR AUGUSTO","R$ 119,00"
Medicina,A CAMA NA VARANDA,"Autor:LINS, REGINA NAVARRO","R$ 74,90"
Medicina,"REEDUQUE SEU CÉREBRO, REMODELE SEU CORPO",N/A,"R$ 69,00"
Medicina,VOCÊ MAIS SAUDÁVEL - CONQUISTE DE UMA VEZ POR,"FARIA, DANI","R$ 59,90"
Medicina,EJACULAÇÃO RESPONSÁVEL - UM OLHAR REVOLUCIONÁRIO,"BLAIR, GABRIELLE","R$ 49,90"
Medicina,ATENÇÃO PRIMÁRIA À SAÚDE NO BRASIL,"Organizador:GIOVANELLA, LIGIA|Organizador:MATTA, GUSTAVO CORREA|Organizador:MENDONÇA, MARIA HELENA MAGALHÃES DE|Organizador:GONDIM, ROBERTA","R$ 42,50"
Medicina,FISIOTERAPIA NAS DOENÇAS REUMÁTICAS,"coordenador/editor:MARQUES, AMELIA PASQUAL","R$ 129,00"
Medicina,TÉCNICAS ANESTÉSICAS LOCAIS EM ODONTOLOGIA,"Organizador:CORSETTI, ADRIANA","R$ 298,00"
Medicina,MANUAL DO RESIDENTE DE PSIQUIATRIA,"Editor:SALLET, PAULO CLEMENTE","R$ 187,00"
Medicina,O SEGREDO ESTÁ NOS TELÔMEROS - 2ª EDIÇÃO,"Autor:EPEL, ELISSA","R$ 81,90"
Medicina,COMO REPROGRAMAR SEU CÉREBRO ANSIOSO,"Autor:M. PITTMAN, PHD, CATHERINE","R$ 49,90"
Medicina,ENFERMAGEM MATERNO-NEONATAL E SAÚDE DA MULHER,"Autor:RICCI, SUSAN SCOTT","R$ 431,00"
Medicina,ZUGAIB OBSTETRÍCIA,"Editor:ZUGAIB, MARCELO","R$ 819,00"
Medicina,WONG FUNDAMENTOS DE ENFERMAGEM PEDIÁTRICA,"Autor:HOCKENBERRY, MARILYN J.","R$ 595,00"
Medicina,INFECTOLOGIA - BASES CLÍNICAS E TRATAMENTO,"Autor:SALOMAO, REINALDO","R$ 411,00"
Medicina,NUTRIÇÃO E IMUNOLOGIA,"Autor:CORREA-SILVA, SIMONE|Editor:PALMEIRA, PATRICIA","R$ 169,00"
Medicina,NOVA MEDICINA QUÂNTICA,"Tradutor:BORGES, MARCELLO|Autor:GOSWAMI, AMIT","R$ 79,90"
Medicina,FISIOLOGIA DA YOGA,"Tradutor:IDE, MAIZA RITOMY|Autor:MCGONIGLE, ANDREW","R$ 198,00"
Medicina,MÉTODOS E TÉCNICAS DE AVALIAÇÃO DA DOR CRÔNICA,"Editor:AVILA, MARIANA ARIAS","R$ 198,00"
Medicina,12 SEMANAS PARA AFIAR SUA MENTE,"Autor:GUPTA, SANJAY|Tradutor:MEDINA, BEATRIZ","R$ 49,90"
Autoajuda,A CORAGEM DE SER IMPERFEITO,"Autor:BROWN, BRENE|Tradutor:MACEDO, JOEL","R$ 49,90"
Autoajuda,PERMISSÃO PARA SENTIR,"Autor:BRACKETT, MARC","R$ 54,90"
Autoajuda,SEM ESFORÇO,"Autor:MCKEOWN, GREG","R$ 59,90"
Autoajuda,O EGO É SEU INIMIGO,"Tradutor:GOTTLIEB, ANDREA|Autor:HOLIDAY, RYAN","R$ 59,90"
Autoajuda,ENEAGRAMA COM PNL,"Autor:MEDA, MARCO","R$ 112,90"
Autoajuda,HÁBITOS ATÔMICOS,"Autor:CLEAR, JAMES","R$ 60,90"
Autoajuda,"POR ONDE FOR O TEU PASSO, QUE LÁ ESTEJA O TEU CORAÇÃO",Autor:FÁBIO DE MELO,"R$ 66,90"
Autoajuda,A LINGUAGEM SECRETA DO CARISMA,"Tradutor:MEDINA, BEATRIZ|Autor:EDWARDS, VANESSA VAN","R$ 59,90"
Autoajuda,NADA PODE ME FERIR,"Tradutor:ABREU, FERNANDA|Autor:GOGGINS, DAVID","R$ 59,90"
Autoajuda,TODO DIA FAÇA ALGO PARA SER FELIZ,"Autor:., AGIR","R$ 26,90"
Autoajuda,SOBRE A TRANQUILIDADE DA ALMA,"Tradutor:ISIDORO, DEBORA|Autor:SENECA","R$ 19,90"
Autoajuda,KUNDALINI: O CAMINHO DA AUTO-ILUMINAÇÃO,"Autor:KRISHNA, GOPI","R$ 59,90"
Autoajuda,A CORAGEM DE SER IMPERFEITO,"Autor:BROWN, BRENE|Tradutor:MACEDO, JOEL","R$ 22,45"
Autoajuda,BASTA SENTIR,"Autor:RIOS, MARIANA","R$ 49,90"
Autoajuda,SEUS PONTOS FRACOS,"Autor:DYER, WAYNE W.|Tradutor:CARDOSO, MRY DEIRÓ","R$ 64,90"
Autoajuda,BATISMO DE FOGO,"Autor:ROSSI, MARCELO","R$ 39,90"
Autoajuda,O SUCESSO É TREINÁVEL,"Autor:JOTA, JOEL","R$ 54,90"
Autoajuda,O PODER DO SILÊNCIO,"Tradutor:PEREIRA, REGINA DA VEIGA|Autor:TOLLE, ECKHART|Tradutor:QUINTANA, ANA","R$ 39,90"
Autoajuda,A CHAVE MESTRA DAS RIQUEZAS (EDIÇÃO DE BOLSO),"Autor:HILL, NAPOLEON|Tradutor:GUERREIRO, MARIO","R$ 44,90"
Autoajuda,TALVEZ VOCÊ DEVA CONVERSAR COM ALGUÉM,"Autor:GOTTLIEB, LORI","R$ 79,80"
Autoajuda,O SEGREDO,"Autor:BYRNE, RHONDA|Tradutor:MORAIS, FABIANO","R$ 69,90"
Autoajuda,O LADO BOM DO LADO RUIM,"Autor:BARROS, DANIEL MARTINS DE","R$ 44,90"
Autoajuda,ESPECIALISTA EM PESSOAS,"Autor:BRUNET, TIAGO","R$ 59,90"
Autoajuda,12 REGRAS PARA A VIDA,"Autor:PETERSON, JORDAN B.|Tradutor:GASSUL, ALBERTO","R$ 65,90"
Concursos Públicos (1082),REDAÇÃO,"Autor:MIGUEL, JORGE","R$ 59,00"
Concursos Públicos (1082),POLICIA FEDERAL - AGENTE E PAPILOSCOPISTA,N/A,"R$ 44,95"
Concursos Públicos (1082),TUDO EM UM PARA CONCURSOS DO TRT,"coordenador/editor:GARCIA, WANDER|coordenador/editor:FLUMIAN, RENAN|coordenador/editor:ROSSI, LICINIA|coordenador/editor:SÁ, RENATO MONTANS DE","R$ 104,50"
Concursos Públicos (1082),COLEÇÃO MÉTODO ESSENCIAL - DIREITO PENAL - PARTE GERAL - VOL. 1,"Autor:PIPINO, LUIZ FERNANDO ROSSI","R$ 106,00"
Concursos Públicos (1082),LÍNGUA PORTUGUESA PARA O EXAMENT DE SUFICIÊNCIA DO CFC,"Autor:SALES, FABIANO","R$ 87,00"
Concursos Públicos (1082),DIREITO CIVIL - VOLUME 1: REVISÃO PARA CONCURSOS,"Autor:DEUS, THIAGO THOME DE","R$ 66,00"
Concursos Públicos (1082),"OAB NACIONAL 1ª FASE, V.5 - DIREITO PROCESSUAL","Autor:OLIVEIRA, FLAVIO CARDOSO","R$ 42,30"
Concursos Públicos (1082),PASSE NA OAB 2ª FASE: QUESTÕES E PEÇAS COMENTADAS: CIVIL - 3ª EDIÇÃO DE 2013,"Autor:RIEMENSCHNEIDER, PATRÍCIA S","R$ 97,00"
Concursos Públicos (1082),SEGURANÇA DO TRABALHO PARA CONCURSO PÚBLICO - 3ª EDIÇÃO DE 2015,"Autor:BARSANO, PAULO ROBERTO","R$ 124,00"
Concursos Públicos (1082),COMO PASSAR EM CONCURSOS DE TRIBUNAIS - ANALISTA - 4.200 QUESTÕES COMENTADAS - 8ª EDIÇÃO - 2019,"Autor:GARCIA, WANDER|Autor:GARCIA, ANA PAULA|Autor:FLUMIAN, RENATO","R$ 99,50"
Concursos Públicos (1082),COLEÇÃO MÉTODO ESSENCIAL - DIREITO AGRÁRIO,"Autor:HAVRENNE, MICHEL FRANÇOIS DRIZUL","R$ 101,00"
Concursos Públicos (1082),DIREITO CONSTITUCIONAL DESCOMPLICADO,"Autor:ALEXANDRINO, MARCELO|Autor:PAULO, VICENTE","R$ 289,00"
Concursos Públicos (1082),CONJUGAÇÃO DE VERBOS PARA CONCURSOS,"Autor:CARRASCO, SANDRA","R$ 27,90"
Concursos Públicos (1082),DIREITO PENAL - 1ª EDIÇÃO DE 2013,"Autor:ROVEGNO, ANDRE|Autor:TRIGUEIROS NETO, ARTHUR DA MOTTA","R$ 60,00"
Concursos Públicos (1082),COMENTÁRIOS À REFORMA DA LEI DE IMPROBIDADE ADMINISTRATIVA,"Autor:OLIVEIRA, RAFAEL|Autor:NEVES, DANIEL AMORIM ASSUMPÇÃO","R$ 119,00"
Concursos Públicos (1082),ADMINISTRAÇÃO DO TEMPO,"Autor:BERNHOEFT, RENATO","R$ 34,95"
Concursos Públicos (1082),NOVO CPC ANOTADO E COMPARADO PARA CONCURSOS,"Autor:FIGUEIREDO, SIMONE","R$ 139,00"
Concursos Públicos (1082),APOSTILA AGENCIAS REGULADORAS - NIVEL SUPERIOR,Autor:VESTCON,"R$ 119,00"
Concursos Públicos (1082),"OAB NACIONAL 1ª FASE, V.11 - DIREITO INTERNACIONAL","Autor:NEVES, GUSTAVO BREGALDA","R$ 39,90"
Concursos Públicos (1082),"EMERGENCIA, ETICA E DEONTOLOGIA, SAUDE MENTAL","Autor:COELHO, WALDIMIR|Autor:SZPIGEL, ERIEDNA","R$ 69,90"
Concursos Públicos (1082),DESCOMPLICANDO A REDAÇAO,"Autor:HARTMANN, ANGELICA MARCHIORO","R$ 36,00"
Concursos Públicos (1082),COMO PASSAR EM CONCURSOS DO INSS - 1.800 QUESTÕES COMENTADAS - 4 ª EDIÇÃO,"Autor:FIORAVANTI, ANDRE","R$ 64,50"
Concursos Públicos (1082),A GRAMÁTICA PARA CONCURSOS MILITARES,"Autor:PESTANA, FERNANDO|Autor:MARTINS, DIONE","R$ 242,00"
Concursos Públicos (1082),Regime Jurídico dos Servidores Público Federais,N/A,N/A
Ciências Biológicas,A VIDA SECRETA DAS ÁRVORES,"Tradutor:RISSATI, PETE|Autor:WOHLLEBEN, PETER","R$ 54,90"
Ciências Biológicas,KIT ESPECIAL MANCUSO,"Autor:MANCUSO, STEFANO","R$ 199,00"
Ciências Biológicas,A ORIGEM DAS ESPÉCIES - VERSÃO LUXO,"Autor:DAWIN, CHARLES","R$ 149,90"
Ciências Biológicas,"A TERRA DÁ, A TERRA QUER","Autor:BISPO DOS SANTOS, ANTÔNIO","R$ 54,90"
Ciências Biológicas,DIFERENTES,"Tradutor:MOTTA, LAURA TEIXEIRA|Autor:WAAL, FRANS DE|Ilustrador:WAAL, FRANS DE","R$ 149,90"
Ciências Biológicas,O LIVRO DO CORPO HUMANO,"Autor:PARKER, STEVE","R$ 199,90"
Ciências Biológicas,PENSE COMO UM CAVALO,"Tradutor:CALADO, IVANIR|Autor:GOLLIHER, GRANT","R$ 54,90"
Ciências Biológicas,A MARAVILHOSA TRAMA DAS COISAS,"Tradutor:OLIVA DO COUTTO, MARIA DE FÁTIMA|Autor:WALL KIMMERER, ROBIN","R$ 69,90"
Ciências Biológicas,BIOLOGIA CELULAR E MOLECULAR,"Autor:JUNQUEIRA, L. C.","R$ 431,00"
Ciências Biológicas,MICROBIOLOGIA MÉDICA,"Autor:MURRAY, PATRICK R.","R$ 795,00"
Ciências Biológicas,COMO VEJO O MUNDO,"Autor:EINSTEIN, ALBERT|Tradutor:ALMEIDA, H.P. DE","R$ 27,45"
Ciências Biológicas,INTRODUÇÃO À CIÊNCIA MACROSSOMA,"Autor:CERATO, SONIA","R$ 30,00"
Ciências Biológicas,ECOLOGIA,"Autor:BEGON, MICHAEL","R$ 399,00"
Ciências Biológicas,12 INGREDIENTES E UMA DOSE,"Autor:SILVA, JOAO LUIZ MAXIMO DA","R$ 109,00"
Ciências Biológicas,SOB EFEITO DE PLANTAS,"Autor:POLLAN, MICHAEL|Tradutor:W. GALINDO, ROGERIO","R$ 59,90"
Ciências Biológicas,AGUA NO SECULO XXI,N/A,"R$ 42,53"
Ciências Biológicas,ARRABALDE,"Autor:SALLES, JOAO MOREIRA|Ilustrador:FARKAS, KIKO","R$ 99,90"
Ciências Biológicas,SEM FÔLEGO,"Autor:QUAMMEN, DAVID|Tradutor:MOTTA, LAURA TEIXEIRA|Ilustrador:SABATINI, FELIPE","R$ 129,90"
Ciências Biológicas,MEMORANDO SOBRE A NOVA CLASSE ECOLÓGICA,"Autor:LATOUR, BRUNO|Tradutor:STAHEL, MONICA","R$ 36,00"
Ciências Biológicas,COMO LIBERTAR O PRESENTE,"Autor:CARVALHAL, ANDRE","R$ 49,90"
Ciências Biológicas,"EDUCAÇÃO AMBIENTAL, PRINCÍPIOS E PRÁTICAS","Autor:DIAS, GENEBALDO FREIRE","R$ 109,00"
Ciências Biológicas,Ensaios Sobre as Abelhas da Região Neotropical: Homenagem aos 80 Anos de Danuncia Urban,N/A,N/A
Ciências Biológicas,Bioquímica Médica,N/A,N/A
Ciências Biológicas,Fisiologia da Produção de Soja,N/A,N/A
Esoterismo,A BIBLIA DO TARÔ,"Autor:BARTLETT, SARAH","R$ 79,00"
Esoterismo,O EVANGELHO SEGUNDO O ESPIRITISMO,"Autor:KARDEC, ALLAN","R$ 64,00"
Esoterismo,TERAPIA COGNITIVO-COMPORTAMENTAL,"Autor:GILLIHAN, SETH J.","R$ 113,00"
Esoterismo,SIMBOLISMO DO SEGUNDO GRAU,"Autor:CAMINO, RIZZARDO DA","R$ 42,90"
Esoterismo,O LIVRO DA LUA 2018,"Autor:MATTOS, MARCIA","R$ 24,95"
Esoterismo,ATENÇÃO PLENA (MINDFULNESS),"Autor:PENMAN, DANNY","R$ 27,45"
Esoterismo,O LIVRO PERDIDO DE DZYAN,"Autor:BLAVATSKY, HELENA PETROVNA","R$ 21,00"
Esoterismo,TRANSMISSÕES CRISTALINAS,"Autor:RAPHAELL, KATRINA|Tradutor:HUTCHINSON SCHILD SILVA, ZILDA","R$ 79,00"
Esoterismo,MANUAL DO TARÔ,"Autor:BANZHAF, HAJO|Tradutor:HUTCHINSON SCHILD SILVA, ZILDA","R$ 69,00"
Esoterismo,O LIVRO E O BARALHO WICCA,"Autor:MORNINGSTAR, SALLY|Tradutor:DE CARVALHO ROCHA, DENISE","R$ 119,90"
Esoterismo,DEBOCHE ASTRAL,"Autor:DICASTRO, VITOR","R$ 49,90"
Esoterismo,DEBOCHE ASTRAL - EDIÇÃO COM BRINDE (MARCADOR DE PÁGINA E IMÃ DE GELADEIRA),"Autor:DICASTRO, VITOR","R$ 49,90"
Esoterismo,"VIDA TRIPLA DO SER HUMANO, A","Autor:BOEHME, JACOB|Tradutor:SOMMERMAN, AMERICO","R$ 42,50"
Esoterismo,"EU, YANOMAMI","Tradutor:MARQUES, CLOVIS|Autor:GOOD, DAVID","R$ 79,90"
Esoterismo,A CHAVE MESTRA DO TARÔ WAITE-SMITH,"Autor:FIEBIG, JOHANNES|Tradutor:JANNINI, KARINA","R$ 79,00"
Esoterismo,O GRIMÓRIO MODERNO DAS BRUXAS,"Colaborador:LYNN, AMANDA|Tradutor:MEYER, MAÍRA|Autor:MANKEY, JASON","R$ 139,90"
Esoterismo,QUINTESSÊNCIA,N/A,"R$ 69,90"
Esoterismo,O BEM-ESTAR DA BRUXA NATURAL,"Autor:MURPHY-HISCOCK, ARIN|Tradutor:BELHASSOF, CLAUDIA MELLO","R$ 79,90"
Esoterismo,A CASA BRUXA NATURAL,"Autor:MURPHY-HISCOCK, ARIN|Tradutor:BELHASSOF, CLAUDIA MELLO","R$ 64,90"
Esoterismo,O RETORNO DE SATURNO,"Tradutor:SIMMER, CAROLINA|Autor:DUNLOP, CAGGIE","R$ 49,90"
Esoterismo,ELIMINE A PRESSA DEFINITIVAMENTE,"Tradutor:AMARAL, ANA PAULA DO|Autor:COMER, JOHN MARK","R$ 74,90"
Esoterismo,"SE DEUS É AMOR, NÃO SEJA UM IDIOTA","Autor:PAVLOVITZ, JOHN|Tradutor:PÉRISSE, DANIEL","R$ 62,90"
Esoterismo,O PODER DO FOCO INABALÁVEL,"Ilustrador:FIGUEIREDO, JOANA|Tradutor:DIAS, STEFFANY|Autor:DANDAPANI","R$ 89,90"
Esoterismo,A CRISE DO CONFORTO,"Tradutor:RAMIRES, DEBORA|Autor:EASTER, MICHAEL","R$ 79,90"
LGBT,ESSE É PRA CASAR,"Ilustrador:MARTINS, VITOR|Tradutor:MARTINS, VITOR|Autor:HALL, ALEXIS","R$ 54,90"
LGBT,UM HOMEM SÓ,"Autor:ISHERWOOD, CHRISTOPHER|Prefácio/Posfácio:TREVISAN, JOAO SILVERIO|Tradutor:LANDSBERG, DEBORA|Ilustrador:LONGO, CELSO","R$ 62,90"
LGBT,TUDO SOBRE NÓS,"Autor:SOARES, CRIS","R$ 59,90"
LGBT,A TOCA DAS RAPOSAS (VOL. 1 TUDO PELO JOGO),"Tradutor:CANDIDO, CAROLINA|Autor:SAKAVIC, NORA","R$ 54,90"
LGBT,"AMORES, MARIAS, MARÉS","Autor:FONSECA, CHICO","R$ 56,90"
LGBT,PUREZA,"Tradutor:WALTRICK, FABRICIO|Autor:GREENWELL, GARTH","R$ 74,90"
LGBT,O REINO DE SARAH,"Autor:TORRES, DANIELLE","R$ 28,50"
LGBT,SOBRE MINHA FILHA,"Autor:HYE-JIN, KIM","R$ 64,90"
LGBT,GAY DE FAMÍLIA,"Autor:FAGUNDES, FELIPE|Ilustrador:CRUZ, PAULA","R$ 49,90"
LGBT,DELILAH GREEN NÃO ESTÁ NEM AÍ (SUCESSO DO TIKTOK),"Tradutor:ESTECHE, ALESSANDRA|Autor:BLAKE, ASHLEY HERRING","R$ 54,90"
LGBT,AMORES INVISÍVEIS,"Autor:BERTTRAN, DÉA E.","R$ 23,00"
LGBT,A GAROTA DO MAR,"Tradutor:BEATRIZ D’OLIVEIRA|Autor:OSTERTAG, MOLLY KNOX","R$ 69,90"
LGBT,VAGAS NOTÍCIAS DE MELINHA MARCHIOTTI,"Autor:SILVÉRIO TREVISAN, JOÃO","R$ 69,90"
LGBT,VINCO,"Autor:SAWITZKI, MANOELA","R$ 69,90"
LGBT,AS VANTAGENS DE SER VOCÊ,"Autor:TAVARES, RAY","R$ 59,90"
LGBT,BALDOMERO,"Autor:RAFAEL PEREZ, LEANDRO","R$ 59,90"
LGBT,A CONSULTA,"Autor:VOLCKMER, KATHARINA","R$ 62,90"
LGBT,DARKROOM,"Autor:WEAVER, LILA QUINTERO","R$ 97,06"
LGBT,PROCURA-SE UM NAMORADO – SUCESSO NO TIKTOK,"Tradutor:MARTINS, VITOR|Autor:HALL, ALEXIS","R$ 54,90"
LGBT,"DESTRANSIÇÃO, BABY","Tradutor:GEISLER, LUISA|Autor:PETERS, TORREY|Ilustrador:AKE, RACHEL","R$ 58,00"
LGBT,UM MILHÃO DE FINAIS FELIZES,"Autor:MARTINS, VITOR","R$ 24,95"
LGBT,"QUESTAO DE GENERO, UMA","Autor:OLIVEIRA, KAMILLA|Autor:CORDEIRO, MARCELA CRISTINA","R$ 30,00"
LGBT,A GAROTA DOS OLHOS ESMERALDA,"Autor:BRANDÃO, ANA BEATRIZ","R$ 49,90"
LGBT,BANHEIRO PÚBLICO,Autor:GIOSTRI,N/A
Videogames,COLEÇÃO OLD!GAMER CLASSICS: RESIDENT EVIL,Autor:EDITORA EUROPA,"R$ 55,00"
Videogames,"GUIA, DICAS E ESTRATÉGIAS DO POKÉMON GO","Autor:GOULART, FERNANDO","R$ 29,00"
Videogames,LEAGUE OF LEGENDS,"Autor:PRANDONI, CLAUDIO","R$ 36,90"
Videogames,WORLD OF WARCRAFT CHRONICLE,Autor:BLIZZARD ENTERTAINMENT,N/A
Videogames,DEFINITIVO MEGA DRIVE,N/A,N/A
Videogames,WORLD OF TANKS,N/A,N/A
Videogames,"DESTINY GRIMOIRE ANTHOLOGY, VOLUME II",Autor:BUNGIE INC,N/A
Videogames,Level Hard,"Autor:MASTROCOLA, VICENTE MARTIN",N/A
Videogames,WILL SHORTZ PRESENTS DIFFICULT SUDOKU,"Autor:SHORTZ, WILL",N/A
Videogames,MINECRAFT DE A A Z,"Autor:MIRANDA, SERGIO",N/A
Videogames,MEGA MAN ZERO: OFFICIAL COMPLETE WORKS,N/A,N/A
Videogames,MINECRAFT - HEROBRINE ENGE OF A MONSTER,"MCDONALD, BARRY J.",N/A
Videogames,MONOGRAPHS,"Autor:CARDALL, BEN",N/A
Videogames,DESIGN E DESENVOLVIMENTO DE JOGOS,N/A,N/A
Videogames,MEGA MAN X: OFFICIAL COMPLETE WORKS,N/A,N/A
Videogames,THE EYES OF BAYONETTA 2,"Autor:COOK, CALEB D.",N/A
Videogames,PRINCES OF THE APOCALYPSE,N/A,N/A
Videogames,THE ART OF DESTINY,N/A,N/A
Videogames,THE LEGEND OF ZELDA ENCYCLOPEDIA,Autor:NINTENDO,N/A
Videogames,FALLOUT 4,Autor:DARK HORSE COMICS,N/A
Videogames,"ART OF GEARS OF WAR 4, THE",Autor:THE COALITION|Autor:MICROSOFT STUDIOS,N/A
Videogames,THE ART OF HORIZON ZERO DAWN,N/A,N/A
Videogames,MAFIA III - PRIMA COLLECTOR'S EDITION GUIDE,N/A,N/A
Videogames,LEGO LEGENDS OF CHIMA CHARACTER ENCYCLOPEDIA,DORLING KINDERSLEY,N/A
Ciências Exatas,TEMPO,"Tradutor:CAROTTI, FEDERICO|Ilustrador:NOBRE, RAFAEL|Autor:TONELLI, GUIDO","R$ 79,90"
Ciências Exatas,TEORIA DAS CORDAS PARA LEIGOS,"Autor:JONES, ANDREW ZIMMERMAN|Tradutor:STREICHER, ALBERTO","R$ 97,90"
Ciências Exatas,ESTATÍSTICA APLICADA A TODOS OS NÍVEIS,"Autor:CASTANHEIRA, NELSON PEREIRA","R$ 29,45"
Ciências Exatas,NOSSO UNIVERSO,N/A,"R$ 79,90"
Ciências Exatas,PENSE COMO UM CIENTISTA,"Autor:ROONEY, ANNE","R$ 75,00"
Ciências Exatas,FÍSICA CONCEITUAL,"Autor:HEWITT, PAUL G.|Tradutor:ARAÚJO DA COSTA, FRANCISCO|Revisor:DIESTEL, ANDRÉ","R$ 380,00"
Ciências Exatas,FUNDAMENTOS DA FÍSICA - MECÂNICA - VOLUME 1,"Autor:HALLIDAY, DAVID","R$ 225,00"
Ciências Exatas,FUNDAMENTOS DE FÍSICA - ELETROMAGNETISMO - VOLUME 3,"Autor:HALLIDAY, DAVID","R$ 265,00"
Ciências Exatas,"FUNDAMENTOS DE FÍSICA - GRAVITAÇÃO, ONDAS E TERMODINÂMICA - VOLUME 2","Autor:HALLIDAY, DAVID","R$ 240,00"
Ciências Exatas,FUNDAMENTOS DE FÍSICA - ÓTICA E FÍSICA MODERNA - VOLUME 4,"Autor:HALLIDAY, DAVID","R$ 285,00"
Ciências Exatas,GEOLOGIA DO QUATERNARIO E MUDANÇAS AMBIENTAIS,"Autor:SUGUIO, KENITIRO","R$ 59,00"
Ciências Exatas,PENSANDO EM SISTEMAS,"Autor:MEADOWS, DONELLA H.|Tradutor:AFONSO, PAULO","R$ 27,45"
Ciências Exatas,Cálculo numérico,N/A,N/A
Ciências Exatas,"Fundamentos da Física - Gravitação, Ondas e Termodinâmica - Volume 2",N/A,N/A
Ciências Exatas,Fundamentos da Física - Mecânica - Volume 1,N/A,N/A
Ciências Exatas,Físico-química - Volume 2,N/A,N/A
Ciências Exatas,Físico-química - Volume 1,N/A,N/A
Ciências Exatas,Físico-química - Fundamentos,N/A,N/A
Ciências Exatas,Cálculo Numérico: Aspectos Teóricos e Computacionais,N/A,N/A
Ciências Exatas,Pré-Cálculo - Uma Preparação para o Cálculo,N/A,N/A
Ciências Exatas,Fundamentos de Físico-Química,N/A,N/A
Ciências Exatas,A estatística básica e sua prática,N/A,N/A
Ciências Exatas,Física Quântica,N/A,N/A
Ciências Exatas,Geometria Analítica: Um Tratamento Vetorial,N/A,N/A
Esportes e Lazer,BLISTER CARTELA C/ 10 ENVELOPES DE FIGURINHAS DA COPA DO MUNDO FIFA FEMININA AUSTRÁLIA - NOVA ZELÂNDIA 20,Autor:PANINI,"R$ 40,00"
Esportes e Lazer,ÁLBUM CAPA DURA COPA DO MUNDO FIFA FEMININA AUSTRÁLIA - NOVA ZELÂNDIA 2023,Autor:PANINI,"R$ 54,90"
Esportes e Lazer,KIT C/ 1 ÁLBUM BROCHURA + 10 ENVELOPES DE FIGURINHAS DA COPA DO MUNDO FIFA FEMININA AUSTRÁLIA - NOVA ZELÂ,Autor:PANINI,"R$ 55,00"
Esportes e Lazer,RUNNING – A REVOLUÇÃO NA CORRIDA,"Tradutor:VYLDER, ELOISE DE|Prefácio/Posfácio:REIS, MARCOS PAULO|Autor:ROMANOV, DR. NICHOLAS","R$ 69,00"
Esportes e Lazer,EXERCÍCIOS DE COORDENAÇÃO MOTORA,"Autor:LEITE, LIDIANE","R$ 46,00"
Esportes e Lazer,2012: O ANO ETERNO,"Autor:AUGUSTO JR., DANIEL|Fotógrafo:AUGUSTO JR., DANIEL|Organizador:PIOVAN, JOÃO|Editor:FLEMMING, DALTON","R$ 179,00"
Esportes e Lazer,TREINAMENTO DE FORÇA E PERIODIZAÇÃO PARA MODALIDADES DE RESISTÊNCIA,"Autor:LOPES, CHARLES RICARDO","R$ 119,00"
Esportes e Lazer,TREINAMENTO FUNCIONAL RESISTIDO,"Autor:CAMPOS, MAURICIO DE ARRUDA","R$ 54,00"
Esportes e Lazer,FLAMENGO 1981,"Autor:NEVES DE JESUS, MAURICIO","R$ 89,00"
Esportes e Lazer,"CAÇA EM 10 LIÇOES, A",N/A,"R$ 61,85"
Esportes e Lazer,10 COPAS É DEMAIS *,"Autor:DENARDIN, PEDRO ERNESTO","R$ 15,00"
Esportes e Lazer,TEAM BUILDING,N/A,"R$ 35,00"
Esportes e Lazer,CAMISA BRASILEIRA,N/A,"R$ 100,00"
Esportes e Lazer,APRENDENDO A NADAR EM LUDICIDADE,N/A,"R$ 28,00"
Esportes e Lazer,HIPERTROFIA MUSCULAR,"Autor:SCHOENFELD, BRAD","R$ 174,00"
Esportes e Lazer,ATLAS MUNDIAL DE CAMISAS,"Autor:MOLINERO, CUNE","R$ 99,90"
Esportes e Lazer,CLÁSSICOS DO BRASIL - FUSCA - 2ª EDIÇÃO,"Autor:SANDLER, PAULO CESAR","R$ 58,00"
Esportes e Lazer,CLÁSSICOS DO BRASIL - OPALA - 2ª EDIÇÃO,"Autor:SANDLER, PAULO CESAR","R$ 58,00"
Esportes e Lazer,CLÁSSICOS DO BRASIL - MAVERICK - 2ª EDIÇÃO,"Autor:GREGSON, PAUL WILLIAM","R$ 58,00"
Esportes e Lazer,ZOOM - A CORRIDA GLOBAL PARA ABASTECER O CARRO DO,"Autor:VAITHEESWARAN, VIJAY V.|Autor:CARSON, IAIN","R$ 24,50"
Esportes e Lazer,BOCHA,"Autor:OLIVEIRA, DAVI LIMA DE","R$ 20,00"
Esportes e Lazer,O Mal-Estar no Esporte: um olhar psicanalítico,N/A,N/A
Esportes e Lazer,Tai Chi Chuan e a Ecologia do Ser: Um Caminho Para o Equilíbrio e a Harmonia,N/A,N/A
Esportes e Lazer,Produção em Ciência da Motricidade Humana,N/A,N/A
Pets,OUTRA FORMA DE AMOR,"Autor:DE ALCÂNTARA, MAMEDE","R$ 49,90"
Pets,O CÃO ETERNO,"Autor:BECKER, KAREN|Tradutor:PASCHOALIN, RITA","R$ 69,90"
Pets,MANUAL DO SHIH TZU,"Autor:VIEIRA, MARCIO INFANTE","R$ 54,90"
Pets,DOG GROOMING FOR DUMMIES,N/A,"R$ 76,16"
Pets,GATO: MANUAL DO PROPRIETÁRIO,"Autor:STALL, SAM|Autor:BRUNNER, DAVID|Tradutor:CARVALHO, MARIA ALAYDE","R$ 14,45"
Pets,AMOR CANINO,"Autor:WYNNE, CLIVE D. L.|Tradutor:BARROS, LÍVIA ROSA RODRIGUES DE SOUZA","R$ 69,90"
Pets,COMO OS ANIMAIS SALVARAM MINHA VIDA,"Autor:MELL, LUISA|Leitor/Narrador:FURUTO, CAROL","R$ 34,90"
Pets,101 TRUQUES PARA CÃES,"Autor:SUNDANCE, KYRA|Autor:SUNDANCE, CHALCY","R$ 40,50"
Pets,BOM PRA CACHORRO!,"Autor:MOTTA, REGINA RHEINGANTZ","R$ 14,95"
Pets,EU AMO GATINHOS,"Autor:BROOKS, SUSIE","R$ 59,90"
Pets,EU AMO CACHORRINHOS,"Autor:BROOKS, SUSIE","R$ 59,90"
Pets,"MEMBRO DA FAMILIA, UM","Autor:MILLAN, CESAR","R$ 17,95"
Pets,101 DICAS ESSENCIAIS CAES - CUIDANDO DOS SEUS FILH,"Autor:FOGLE, BRUCE","R$ 18,90"
Pets,101 DICAS ESSENCIAIS CAES,"Autor:FOGLE, BRUCE","R$ 22,90"
Pets,COMO CUIDAR DA SAUDE DO SEU GATO,"Autor:HOBAICA, PAULO EDUARDO MANSUR","R$ 18,00"
Pets,COMO CUIDAR DOS PASSARINHOS,"Autor:HOBAICA, PAULO EDUARDO MANSUR","R$ 18,00"
Pets,ADESTRAMENTO DE CÃES PARA LEIGOS,"Autor:VOLHARD, WENDY|Autor:VOLHARD, JACK|Tradutor:CASTRO NETO, LEOPOLDINO","R$ 53,00"
Pets,"NOSSO FILHO,O CACHORRO","Autor:MOTTA, REGINA R.","R$ 22,00"
Pets,O GATO EDUCADO,"Autor:BRADSHAW, JOHN|Tradutor:LEOCADIO, CAROLINA","R$ 69,90"
Pets,SAÚDE DE CÃES DE A A Z,"Autor:ALMEIDA, PEDRO","R$ 5,50"
Pets,CAES - GUIA PRATICO,"Organizador:KINGSLEY, REBECA|Tradutor:CAVINATO, MARIA LUCIA","R$ 39,90"
Pets,PSICOLOGIA CANINA,"Autor:SERRATI, PAULO HENRIQUE","R$ 43,00"
Pets,SEU CACHORRO E VOCÊ,"Autor:HOROWITZ, ALEXANDRA|Tradutor:SAMPAIO, ISABELA","R$ 59,90"
Pets,O MANIFESTO DAS ESPÉCIES COMPANHEIRAS,"Autor:HARAWAY, DONNA|Tradutor:MOREIRA, PÊ|Prefácio/Posfácio:SILVA E SILVA, FERNANDO",N/A
Ciências Sociais,FEMINISMO EM COMUM,"Autor:TIBURI, MARCIA","R$ 44,90"
Ciências Sociais,MÁRIO FERREIRA DOS SANTOS: GUIA PARA O ESTUDO DE SUA OBRA,"Autor:CARVALHO, OLAVO DE","R$ 39,90"
Ciências Sociais,PEQUENO MANUAL ANTIRRACISTA,"Autor:RIBEIRO, DJAMILA","R$ 34,90"
Ciências Sociais,A MENTE TRÁGICA,"Autor:D. KAPLAN, ROBERT","R$ 39,90"
Ciências Sociais,O FASCISMO DA COR,"Autor:SODRE, MUNIZ","R$ 54,90"
Ciências Sociais,PASSAPORTE 2030,"Autor:FIUZA, GUILHERME","R$ 49,90"
Ciências Sociais,EM BUSCA DA ÁFRICA,"Tradutor:BOTTMANN, DENISE|Autor:DIAWARA, MANTHIA|Capista:MENDONÇA, OGA","R$ 89,90"
Ciências Sociais,OS DADOS ESTAO LANÇADOS,"Autor:SARTRE, JEANPAUL","R$ 148,42"
Ciências Sociais,A VIDA NÃO É ÚTIL,"Autor:KRENAK, AILTON","R$ 37,90"
Ciências Sociais,CONTRA A INTERPRETAÇÃO,"Autor:SONTAG, SUSAN|Tradutor:BOTTMANN, DENISE|Ilustrador:WARRAK, CLAUDIA","R$ 87,90"
Ciências Sociais,O FEMINISMO É PARA TODO MUNDO,"Autor:HOOKS, BELL","R$ 54,90"
Ciências Sociais,COMO AS DEMOCRACIAS MORREM,"Autor:LEVITSKY, STEVEN","R$ 74,90"
Ciências Sociais,PARA UMA ONTOLOGIA DO SER SOCIAL II,"Tradutor:SCHNEIDER, NELIO|Tradutor:TONET, IVO|Autor:LUKACS, GYORGY|Tradutor:VIELMI FORTES, RONALDO","R$ 139,00"
Ciências Sociais,MULHERES E CAÇA ÀS BRUXAS,"Autor:FEDERICI, SILVIA|Tradutor:CANDIANI, HECI REGINA","R$ 47,00"
Ciências Sociais,SEJAMOS TODOS FEMINISTAS,"Autor:ADICHIE, CHIMAMANDA NGOZI","R$ 37,90"
Ciências Sociais,DA SILVA - A GRANDE FAKE NEWS DA ESQUERDA,PAVINATTO,"R$ 49,00"
Ciências Sociais,DEPOIS DE PIKETTY - A AGENDA PARA A ECONOMIA E A,"BOUCHEY, HEATHER / DELONG, J. BRADFORD / STEINBAUM, MARSHALL","R$ 139,00"
Ciências Sociais,O PRÍNCIPE DE MAQUIAVEL,"Autor:MAQUIAVEL, NICOLAU","R$ 12,45"
Ciências Sociais,PÓS-VERDADE,"Autor:D'ANCONA, MATTHEW","R$ 19,95"
Ciências Sociais,ABOLICIONISMO. FEMINISMO. JÁ.,"Autor:DAVIS, ANGELA Y.|Prefácio/Posfácio:CARRASCOSA, DENISE|Ilustrador:FAGUNDES, GIULIA|Tradutor:SOUZA, RAQUEL DE","R$ 59,90"
Ciências Sociais,O JARRO DE PANDORA,"Tradutor:ROSAS, MARTA|Autor:HAYNES, NATALIE","R$ 72,00"
Ciências Sociais,ETNOGRAFIAS URBANAS,"Autor:MAGNANI, JOSE GUILHERME CANTOR","R$ 75,00"
Ciências Sociais,AS ORIGENS DA SOCIOLOGIA DO TRABALHO,"Colaborador:HIRANO, SEDI|Autor:FESTI, RICARDO","R$ 87,00"
Ciências Sociais,A ORDEM ECONÔMICA E A LIVRE INICIATIVA,"Autor:HAYEK, F. A.","R$ 29,95"
Sustentabilidade,EMERGÊNCIAS SISTÊMICAS,"Autor:REGO, VOLMER SILVA DO|Autor:SANCHEZ, VALERIA","R$ 33,00"
Sustentabilidade,EMERGÊNCIAS SISTÊMICAS,"Autor:REGO, VOLMER SILVA DO|Autor:SANCHEZ, VALERIA","R$ 66,00"
Sustentabilidade,GERAÇÃO DE ENERGIA ELÉTRICA,"Autor:REIS, LINEU BELICO DOS","R$ 245,00"
Sustentabilidade,ABUNDÂNCIA,"Autor:KOTLER, STEVEN|Autor:DIAMANDIS, PETER H.","R$ 89,00"
Sustentabilidade,CIDADES E SOLUÇÕES: COMO CONSTRUIR UMA SOCIEDADE SUSTENTÁVEL,"Autor:TRIGUEIRO, ANDRÉ","R$ 63,00"
Sustentabilidade,SECAS NO ALTO RIO SÃO FRANCISCO,"Autor:SANTOS, MARCUS SUASSUNA","R$ 55,00"
Sustentabilidade,FUTUROS DO BIOETANOL,"Organizador:FILHO, SERGIO","R$ 104,00"
Sustentabilidade,"GOVERNANÇA, RISCOS SOCIOAMBIENTAIS E EDUCAÇÃO DAS ÁGUAS","Autor:RUSCHEINSKY, ALOISIO|Autor:REINEHR, ROSMARIE","R$ 69,00"
Sustentabilidade,"IGUALDADE DEMOCRÁTICA, DESIGUALDADE ECONÔMICA E A CARTA DA TERRA","Prefácio/Posfácio:BOFF, LEONARDO|Autor:ROCKEFELLER, STEVEN C.|Tradutor:ROCHA, DENISE DE CARVALHO","R$ 42,00"
Sustentabilidade,Ambiente e Sustentabilidade: Metodologias para Gestão,N/A,N/A
Sustentabilidade,Habitação Autosuficiente: Interligação e Integração de Sistemas Alternativos,N/A,N/A
Sustentabilidade,PLANEJAMENTO E CONTROLE DA PRODUÇÃO DE CALÇADOS,"Autor:PIEVAN, CASSIANE LOUVO",N/A
Sustentabilidade,INTRODUÇÃO ÀS CIÊNCIAS AMBIENTAIS,"Autor:DRUMMOND, JOSE AUGUSTO|Autor:BARRETO, CRISTIANE GOMES",N/A
Sustentabilidade,LEITURAS EM AGROMATEMÁTICA,"Autor:DELGADO, ÁNGEL RAMÓN SANCHEZ|Autor:VENTURA, SERGIO DRUMOND",N/A
Sustentabilidade,ATIVIDADES DE LAZER NOS PARQUES NATURAIS DO BRASIL,"Autor:FONTES, MARCO AURÉLIO LEITE|Autor:BARRA, ANDRÉA DE OLIVEIRA|Autor:VITORINO, MARIA RACHEL",N/A
Sustentabilidade,PROTEÇAO E PRODUÇAO,"Autor:DRUMMOND, JOSE AUGUSTO",N/A
Sustentabilidade,SUSTENTABILIDADE AMBIENTAL E RESPONSABILIDADE SOCIAL,"ALVES, RICARDO RIBEIRO",N/A
Sustentabilidade,CONTROLE DIMENSIONAL APLICADO À MATRIZARIA DE SOLADOS,SENAI - SP - S/ CNPJ,N/A
Sustentabilidade,PLANEJAMENTO DA PRODUÇAO DE CANA-DE-AÇUCAR NO CONTEXTO DAS MUDANÇAS CLIMATICAS GLOBAIS,N/A,N/A
Sustentabilidade,GESTÃO AMBIENTAL PARA CIDADES SUSTENTÁVEIS,"Autor:MENEZES, ROGERIO|Autor:STRUCHEL, ANDREA CRISTINA DE O.",N/A
Sustentabilidade,APROPRIAÇÃO DA SOCIOBIODIVERSIDADE,"Autor:SEGER, JULIANO DOS SANTOS",N/A
Sustentabilidade,NO ENCONTRO DAS ÁGUAS,"Autor:COSTA, SEBASTIAO MOURA",N/A
Sustentabilidade,SUSTENTABILIDADE GLOBAL E REALIDADE BRASILEIRA,"Autor:GADELHA, REGINA MARIA A FONSECA|Autor:RACY, JOAQUIM CARLOS",N/A
Sustentabilidade,RESGATE DE MATRIZES DE EUCALIPTOS SUBTROPICAIS,Autor:VÁRIOS AUTORES,N/A
Filosofia,PECAR E PERDOAR,"Autor:KARNAL, LEANDRO","R$ 44,90"
Filosofia,A ORIGEM DE (QUASE) TODAS AS COISAS,"Introdução:HAWKING, STEPHEN|Tradutor:MOLINA, MARIO|Ilustrador:DANIEL, JENNIFER|Autor:LAWTON, GRAHAM","R$ 70,00"
Filosofia,A INTENÇÃO PRIMEIRA,"Autor:MOREIRA, EDUARDO","R$ 49,90"
Filosofia,O QUE É A SUBJETIVIDADE?,"Autor:SARTRE, JEAN-PAUL|Tradutor:ABREU, ESTELA","R$ 24,95"
Filosofia,A SABEDORIA DOS ESTOICOS - ESCRITOS SELECIONADOS DE SÊNECA EPITETO E MARCO AURÉLIO,"Autor:K HAZLITT, FRANCES|Prefácio/Posfácio:MELO, RADUAN","R$ 59,90"
Filosofia,A ARTE DE VIVER,"Autor:EPICTETO|Autor:LEBELL, SHARON|Tradutor:SILVEIRA, MARIA LUIZA NEWLANDS DA","R$ 49,90"
Filosofia,COMPREENDER MARX,"Autor:COLLIN, DENIS","R$ 97,80"
Filosofia,COMPREENDER HANNAH ARENDT,"Autor:FRY, KARIN A.|Tradutor:VALERIO, PAULO FERREIRA","R$ 108,10"
Filosofia,AS SEIS DOENÇAS DO ESPÍRITO CONTEMPORÂNEO (EDIÇÃO DE BOLSO),"Autor:NOICA, CONSTANTIN|Tradutor:KLABIN, FERNANDO|Tradutor:SBURLEA, ELENA","R$ 39,90"
Filosofia,O PAI ESTOICO,"HOLIDAY, RYAN","R$ 64,90"
Filosofia,A MISÉRIA DA FILOSOFIA,"Autor:MARX, KARL|Tradutor:BANHARA, PAULO ROBERTO","R$ 17,00"
Filosofia,BHAGAVAD-GITA – A MENSAGEM DO MESTRE,"Autor:DVAIPAYANA, VYASA|Tradutor:VALDOMIRO LORENZ, FRANCISCO","R$ 44,00"
Filosofia,EMÍLIO OU SOBRE A EDUCAÇÃO,"Autor:ROUSSEAU, JEAN-JACQUES|Tradutor:ABÍLIO, ROSEMARY","R$ 149,00"
Filosofia,NASCIMENTO DA BIOPOLITICA,"Autor:FOUCAULT, MICHEL","R$ 153,63"
Filosofia,A CONQUISTA DA FELICIDADE,"Autor:RUSSELL, BERTRAND|Prefácio/Posfácio:POMPEU, JULIO|Tradutor:GUERRA, LUIZ","R$ 49,90"
Filosofia,"DERROTA DO PENSAMENTO, A","Autor:FINKIELKRAUT, ALAIN","R$ 27,45"
Filosofia,"COISAS QUE VI, OUVI, APRENDI...","Autor:AGAMBEN, GIORGIO|Tradutor:SCAMPARINI, JULIA","R$ 62,90"
Filosofia,ELOGIO DA LOUCURA,"Tradutor:M. DE OLIVEIRA, PAULO|Autor:DE ROTTERDAM, ERASMO","R$ 49,90"
Filosofia,BOX – CARTAS DE UM ESTOICO,"Autor:., SÊNECA","R$ 129,90"
Filosofia,O RABINO DO MUNDO,"Autor:BINENBOJM, GUSTAVO","R$ 49,90"
Filosofia,10 LIÇÕES SOBRE GRAMSCI,"Autor:DE MARI, CEZAR LUIZ","R$ 24,50"
Filosofia,RAZÃO X RELIGIÃO,"Autor:FERRI, OMAR","R$ 54,90"
Filosofia,365 Reflexões Estoicas,N/A,N/A
Filosofia,"NIETZSCHE - VIDA E PENSAMENTO, V.2","Autor:ANDLER, CHARLES|Tradutor:RIBEIRO, VERA",N/A
Comunicação,BREVIDADE INTELIGENTE,"ALLEN, MIKE  SCHWARTZ, ROY","R$ 54,90"
Comunicação,ÉTICA NO JORNALISMO,"Autor:CHRISTOFOLETTI, ROGERIO","R$ 19,95"
Comunicação,MIDIA E PODER SIMBOLICO,"Autor:MARTINO, LUIS MAURO SA","R$ 20,00"
Comunicação,OS SENSACIONALISMOS DO SENSACIONALISMO,"Autor:RAMOS, ROBERTO","R$ 17,50"
Comunicação,JORNALISMO ECONÔMICO,"Autor:CALDAS, SUELY","R$ 19,50"
Comunicação,A ARTE DE ENTREVISTAR BEM,"Autor:OYAMA, THAIS","R$ 14,50"
Comunicação,A TELA GLOBAL,"Autor:LIPOVETSKY, GILLES|Autor:SERROY, JEAN","R$ 31,00"
Comunicação,GILMORE GIRLS,"Autor:OSTOW, MICOL|Tradutor:KRAINSKI, ADRIANA|Ilustrador:MESSINA, CECILIA","R$ 89,90"
Comunicação,FALAR É FÁCIL,"Autor:FONTANA, RAFAEL","R$ 29,95"
Comunicação,LUDUS - CURSO DE LATIM,"Autor:VALENTE, MILTON","R$ 92,00"
Comunicação,"JORNALISMO EM RETRAÇÃO, PODER EM EXPANSÃO","Autor:GANDOUR, RICARDO","R$ 26,50"
Comunicação,"SUPERPODER, O - O RAIO X DA REDE GLOBO","Autor:LOPES, GENESIO","R$ 35,00"
Comunicação,PLATAFORMAS DE VÍDEO,"Autor:MONTANO, SONIA","R$ 22,50"
Comunicação,ENTREVISTA - NA PRATICA JORNALISTICA E NA PESQUISA,"Organizador:MAROCCO, BEATRIZ","R$ 10,00"
Comunicação,RADIOJORNALISMO,"Autor:CHANTLER, PAUL|Autor:HARRIS, SIM","R$ 37,35"
Comunicação,ASSESSORIA DE IMPRENSA,"Autor:MAFEI, MARISTELA","R$ 17,95"
Comunicação,SUPERNATURAL,Autor:TITAN BOOKS,"R$ 51,80"
Comunicação,A PRODUÇÃO LITERÁRIA E A FORMAÇÃO DE LEITORES EM TEMPOS DE TECNOLOGIA DIGITAL,N/A,"R$ 51,80"
Comunicação,CONSUMO MIDIATICO E CULTURAS DA CONVERGENCIA,"Autor:CARRASCOZA, JOAO LUIZ ANZANELLO|Autor:ROCHA, ROSE DE MELO","R$ 19,50"
Comunicação,SUPERNATURAL,Autor:TITAN BOOKS,"R$ 58,16"
Comunicação,MAIS SOBRE REVISTAS CIENTIFICAS,"Organizador:TARGINO, MARIA DAS GRAÇAS|Organizador:FERREIRA, SUELI MARA SOARES PINTO","R$ 36,45"
Comunicação,Libras: Conhecimento Além dos Sinais,N/A,N/A
Comunicação,JORNALISTAS LITERÁRIOS,"Organizador:VILAS BOAS, SERGIO",N/A
Comunicação,SWISSLEAKS,"Autor:DAVET, GERARD|Autor:LHOMME, FABRICE|Tradutor:TEIXEIRA, GUILHERME J.F.|Prefácio/Posfácio:PFEIFER, ISMAEL",N/A
Psicologia,SUICÍDIO E ALMA,"Autor:HILLMAN, JAMES|Tradutor:LABATE, SONIA MARIA CAIUBY","R$ 86,30"
Psicologia,A MORTE É UM DIA QUE VALE A PENA VIVER,"Autor:ARANTES, ANA CLAUDIA QUINTANA","R$ 44,90"
Psicologia,MINDSET,"Tradutor:DUARTE, S.|Autor:DWECK, CAROL","R$ 74,90"
Psicologia,O DESPERTAR DO HERÓI INTERIOR,"Autor:PEARSON, CAROL S.","R$ 60,00"
Psicologia,PSICOLOGIAS - UMA INTRODUÇÃO AO ESTUDO DA PSICOLOGIA - 16ª EDIÇÃO 2023,"coordenador/editor:MERCES BAHIA BOCK, ANA","R$ 167,00"
Psicologia,VIVER BEM E MORRER BEM - AGORA E SEMPRE,"Autor:CESAR, BEL|Ilustrador:CESAR, BEL","R$ 99,00"
Psicologia,POR QUE PESSOAS INTELIGENTES COMETEM ERROS IDIOTAS?,"Autor:ROBSON, DAVE","R$ 27,45"
Psicologia,MENTES PERIGOSAS,"Autor:SILVA, ANA BEATRIZ BARBOSA","R$ 64,90"
Psicologia,O LIVRO QUE VOCÊ GOSTARIA QUE SEUS PAIS TIVESSEM LIDO,"Autor:PERRY, PHILIPPA|Tradutor:MIRANDA, GUILHERME|Ilustrador:ORIGINAL","R$ 54,90"
Psicologia,MULHERES QUE CORREM COM OS LOBOS,"Autor:ESTES, CLARISSA PINKOLA|Tradutor:BARCELLOS, WALDEA","R$ 89,90"
Psicologia,FREUD (1901-1905) - OBRAS COMPLETAS VOLUME 6,"Tradutor:SOUZA, PAULO CESAR DE|Autor:FREUD, SIGMUND","R$ 87,90"
Psicologia,DINÂMICAS DE GRUPO: REDESCOBRINDO VALORES,"Autor:BORGES, GIOVANNA LEAL","R$ 35,00"
Psicologia,TERAPIA COMPORTAMENTAL DIALÉTICA - LIVRO DE,"McKay, Matthew / WOOD, JEFFREY C.","R$ 89,90"
Psicologia,A CIRANDA DAS MULHERES SÁBIAS,"ESTES, CLARISSA PINKOLA","R$ 49,90"
Psicologia,PSICOMOTRICIDADE,"ABDO, PAULA / BEATO, ELAINE / L. ABBAMONTE, GIOVANA","R$ 59,90"
Psicologia,AUTOAMOR E OS VÍNCULOS DE APEGO,"FIGUEIRA, CAROLINA / SENRA, ELLEN","R$ 59,90"
Psicologia,AFETOS EM CONSTRUÇÃO,"DE NAPOLIS, FABIANA / YASMINE S. HADDAD","R$ 59,90"
Psicologia,"O MITO DO NORMAL - TRAUMA, SAÚDE E CURA EM UM","MATÉ, DANIEL / MATE, GABOR","R$ 79,90"
Psicologia,PAIS (NÃO) NASCEM PRONTOS: ADOLESCENTES,"GUEDES, MONICA DONETTO","R$ 70,00"
Psicologia,NÃO TENHA MEDO DA ANSIEDADE,"DENNIS-TIWARY, TRACY","R$ 49,90"
Psicologia,GESTALT-TERAPIA EXPLICADA,"Autor:PERLS, FREDERICK S.","R$ 61,80"
Psicologia,ESPELHOS DA ALMA,"Autor:FRANCO, DIVALDO PEREIRA|Espírito:ANGELIS, JOANNA DE","R$ 21,50"
Psicologia,ARQUÉTIPOS DA SOMBRA,"Autor:LAPRADE, DRA. JOANNA|Tradutor:MORAES, HUGO","R$ 68,00"
Psicologia,VIDA E ARTE,"Autor:GUTFREIND, CELSO",N/A
Metodologia de Pesquisa,METODOLOGIA DO ESTUDO E PESQUISA,"Autor:LEÃO, LOURDES MEIRELLES","R$ 24,15"
Metodologia de Pesquisa,METODOLOGIA PARTICIPATIVA - UMA INTRODUÇAO ...,"Organizador:BROSE, MARKUS","R$ 18,00"
Metodologia de Pesquisa,INTRODUÇAO AO METODO CIENTIFICO,N/A,"R$ 16,00"
Metodologia de Pesquisa,TRABALHO DE CONCLUSÃO DE CURSO,"Autor:SANTOS, CLOVIS ROBERTO DOS","R$ 21,45"
Metodologia de Pesquisa,COMO ESCREVER UMA MONOGRAFIA: MANUAL DE ELABORAÇÃO COM EXEMPLOS E EXERCÍCIOS,"Autor:DIAS, DONALDO DE SOUZA|Autor:SILVA, MONICA FERREIRA DA","R$ 59,50"
Metodologia de Pesquisa,COMO REDIGIR E APRESENTAR UM TRABALHO CIENTÍFICO,"Autor:CASTRO, CLAUDIO DE MOURA","R$ 51,00"
Metodologia de Pesquisa,UM MUNDO ASSOMBRADO PELA FRAGMENTAÇÃO,N/A,"R$ 40,90"
Metodologia de Pesquisa,O ENSAIO COMO TESE,"Autor:RODRIGUEZ, VICTOR GABRIEL","R$ 49,90"
Metodologia de Pesquisa,AS MELHORES TÉCNICAS DE ESTUDO,"Autor:TIERNO, BERNABE","R$ 64,90"
Metodologia de Pesquisa,CONSTRUINDO O SABER,"Autor:CARVALHO, MARIA CECILIA M. DE","R$ 37,90"
Metodologia de Pesquisa,MANUAL DA MONOGRAFIA JURIDICA,"Autor:NUNES, LUIZ ANTONIO RIZZATTO","R$ 49,00"
Metodologia de Pesquisa,"SILENCIO ELOQUENTE, O","Autor:FRANCA FILHO, MARCILIO TOSCANO","R$ 106,50"
Metodologia de Pesquisa,MANUAL DE ARTIGOS CIENTIFICOS,"Autor:GONÇALVES, HORTENCIA DE ABREU","R$ 15,00"
Metodologia de Pesquisa,DISSERTAÇÃO NÃO É BICHO PAPÃO,"Autor:PESSOA, SIMONE","R$ 27,50"
Metodologia de Pesquisa,COMO FAZER SEU TRABALHO DE CONCLUSAO DE CURSO,"Autor:VITOLO, MARCIA REGINA","R$ 90,00"
Metodologia de Pesquisa,NORMAS E TÉCNICAS PARA ELABORAÇÃO E APRESENTAÇÃO DE TRABALHOS ACADÊMICOS,"Autor:SANTOS, SELMA CRISTINA DOS|Autor:CARVALHO, MÁRCIA ALVES FALEIRO DE","R$ 51,80"
Metodologia de Pesquisa,METODOLOGIA CIENTÍFICA AO ALCANCE DE TODOS,"Autor:AZEVEDO, CELICINA BORGES","R$ 50,00"
Metodologia de Pesquisa,DIRETRIZES DO PROCESSO DE REGULAMENTAÇÃO SANITÁRIA DOS MEDICAMENTOS NO BRASIL,"Autor:BELLAN, NATALIA|Autor:PINTO, TEREZINHA DE JESUS ANDREOLI","R$ 159,00"
Metodologia de Pesquisa,METODOLOGIA CIENTÍFICA AO ALCANCE DE TODOS,"Autor:AZEVEDO, CELICINA BORGES","R$ 39,00"
Metodologia de Pesquisa,"METODOLOGIA DA PESQUISA EM DIREITO - TÉCNICAS E ABORDAGENS PARA ELABORAÇÃO DE MONOGRAFIAS, DISSERTAÇÕES E",Autor:VARIOS AUTORES,"R$ 165,00"
Metodologia de Pesquisa,A ARTE DA PESQUISA,"Autor:BOOTH, WAYNE C.|Autor:WILLIAMS, JOSEPH M.|Autor:COLOMB, GREGORY G.|Tradutor:MONTEIRO, HENRIQUE A. REGO",N/A
Metodologia de Pesquisa,PROTOCOLOS PARA DIAGNÓSTICO DE DOENÇAS EM PEIXES,Autor:VÁRIOS AUTORES,N/A
Metodologia de Pesquisa,MANUAL PARA PESQUISAS QUALITATIVAS,"Autor:BONFIM, MARIANA PEREIRA",N/A
Metodologia de Pesquisa,METODOLOGIA DA PESQUISA EDUCACIONAL,"Autor:FAZENDA, IVANI",N/A
Dicionários,MINIDICIONARIO AURELIO DA LINGUA PORTUGUESA,"Autor:FERREIRA, AURELIO BUARQUE DE HOLANDA","R$ 21,20"
Dicionários,NOVO DICIONÁRIO DE DÚVIDAS DA LÍNGUA PORTUGUESA,"Autor:BECHARA, EVANILDO","R$ 89,90"
Dicionários,DICIONÁRIO ILUSTRADO JÚNIOR INGLÊS/PORTUGUÊS PORTUGUÊS/INGLÊS - 1º ANO,"Autor:ANDRADE, TELMA GUIMARAES CASTRO","R$ 31,50"
Dicionários,DICIONARIO BIOBIBLIOGRAFICO,N/A,"R$ 45,00"
Dicionários,MICHAELIS - PORTUGUES FACIL,N/A,"R$ 29,90"
Dicionários,NOVO AURELIO SECULO XXI CD-ROM+LIVRO,N/A,"R$ 161,00"
Dicionários,NOVO AURELIO SECULO XXI CD-ROM PC,N/A,"R$ 99,00"
Dicionários,DICIONARIO DE ARTES DECORATIVAS E DECORAÇAO DE INT,"Autor:MOUTINHO, STELLA RODRIGO OCTAVIO|Autor:PRADO, RUBIA BRAZ BUENO DO|Autor:LONDRES, RUTH RODRIGO OCTAVIO","R$ 150,00"
Dicionários,DICIONARIO ESCOLAR INGLES- PORTUGUES,N/A,"R$ 11,90"
Dicionários,DICIONARIO EDIOURO DA LINGUA PORTUGUESA,N/A,"R$ 14,90"
Dicionários,GLOSSARIO BILINGUE DE TECNOLOGIA E NEGOCIOS,"Autor:BAETA, ADELAIDE MARIA COELHO|Autor:SILVA, ROSA MARIA NEVES DA","R$ 27,90"
Dicionários,DICIONARIO POPULAR DE FUTEBOL,"Autor:PENNA, LEONAM","R$ 35,90"
Dicionários,VOCABULARIO DE LATIM FORENSE,N/A,"R$ 52,00"
Dicionários,DICIONARIO LUSITANO-BRASILEIRO,"Autor:SIMAS FILHO, ROLDAO|Autor:WANKE, ENO THEODORO","R$ 7,90"
Dicionários,DICIONARIO ALEMAO-PORTUGUES,"Autor:FLORENZANO, EVERTON","R$ 15,90"
Dicionários,DICIONARIO FRANCES - PORTUGUES V.V.,"Autor:FLORENZANO, EVERTON","R$ 14,90"
Dicionários,NOVO DICIONARIO AURELIO DA LINGUA PORTUGUESA,"Autor:FERREIRA, AURELIO BUARQUE DE HOLANDA","R$ 98,00"
Dicionários,DICIONARIO ELETRONICO AURELIO,"Autor:FERREIRA, AURELIO BUARQUE DE HOLANDA","R$ 170,50"
Dicionários,DICIONARIO ELETRONICO AURELIO,Autor:LEXIKON INFORMATICA LTDA,"R$ 210,00"
Dicionários,MICHAELIS INGLÊS - DICIONÁRIO ILUSTRADO,Autor:MELHORAMENTOS,"R$ 98,00"
Dicionários,MICHAELIS INGLÊS - DICIONÁRIO ILUSTRADO,Autor:MELHORAMENTOS,"R$ 85,00"
Dicionários,MICHAELIS INGLES - PEQUENO DICIONARIO,"Revisor:BARBARA, LEILA","R$ 20,00"
Dicionários,MICHAELIS ESPANHOL - PEQUENO DICIONARIO,"Autor:SIGNER, RENA|Autor:PEREIRA, HELENA B. COUTO","R$ 20,00"
Dicionários,DICIONARIO AURELIO ILUSTRADO,"Autor:FERREIRA, AURELIO BUARQUE DE HOLANDA",N/A
Infantil,NO RISCO DO CARACOL,"Ilustrador:MENEZES, MARLETTE|Autor:REZENDE, MARIA VALERIA","R$ 44,90"
Infantil,PATRULHA CANINA - FESTA SURPRESA,"Autor:BLANCA ALVES BARBIERI, PALOMA","R$ 39,90"
Infantil,A DISPUTA DOS GIGANTES E OUTROS CONTOS DE FADAS CELTAS,"Organizador:REZZUTTI, PAULO|Ilustrador:MOREIRA, FERNANDA","R$ 55,00"
Infantil,GUIA DE SOBREVIVÊNCIA NA NATUREZA (MANUAL DO MUNDO),"Tradutor:SCHILD, MARCELO|Autor:CANTERBURY, DAVE|Ilustrador:ANDREWS, ERIC","R$ 49,90"
Infantil,BOX MONTEIRO LOBATO,"Autor:LOBATO, MONTEIRO","R$ 119,00"
Infantil,OS PESCADORES E SUAS FILHAS,"Autor:MEIRELES, CECILIA|Ilustrador:EICH, CRIS","R$ 59,00"
Infantil,POR QUE FAZEMOS COCÔ?,"Autor:DAYNES, KATIE|Tradutor:BITTENCOURT, FABIOLA","R$ 59,90"
Infantil,MINHA AVÓ É UM PROBLEMA,"Autor:COLE, BABETTE|Tradutor:JAHN, HELOISA","R$ 47,90"
Infantil,DIÁRIO DE PILAR NA AMAZÔNIA (NOVA EDIÇÃO),"Autor:SILVA, FLAVIA LINS E|Ilustrador:PENNA, JOANA","R$ 52,90"
Infantil,UMA ZEBRA FORA DO PADRÃO,"Autor:BROWNE, PAULA","R$ 54,90"
Infantil,DIÁRIO DE PILAR NA ÍNDIA,"Autor:SILVA, FLAVIA LINS E","R$ 52,90"
Infantil,TURMA DA MÔNICA - CUIDADOS DO DIA A DIA,Autor:CIRANDA CULTURAL,"R$ 2,90"
Infantil,EM CASA,"Autor:PICTHALL, CHEZ","R$ 55,00"
Infantil,O CÃO ALEGRE,"Autor:YONG, JO|Ilustrador:SAN, JAM|Tradutor:WOO, JAE HYUNG","R$ 49,90"
Infantil,CHICLETE - O MENINO SAPO,"Autor:MCDONALD, MEGAN|Ilustrador:REYNOLDS, PETER H.","R$ 71,00"
Infantil,CHICLETE E A GRANDE LUTA DOS POLEGARES,"Autor:MCDONALD, MEGAN","R$ 68,00"
Infantil,RIMAS JUNINAS,"Autor:OBEID, CESAR|Ilustrador:SOUSA, ANA","R$ 67,00"
Infantil,"PIQUENIQUE DO CATAPIMBA, O","Autor:ROCHA, RUTH|Ilustrador:MASSARANI, MARIANA","R$ 64,00"
Infantil,O PÁSSARO DE FOGO E OUTROS CONTOS DE FADAS RUSSOS,"Autor:MOURA, ADRIANA","R$ 40,00"
Infantil,SE EU FOSSE...,"Autor:CIPIS, MARCELO","R$ 57,50"
Infantil,JOÃO E O PÉ DE FEIJÃO,"Autor:CULTURAL, CIRANDA","R$ 2,90"
Infantil,BARBIE DREAMTOPIA - UM ELEFANTE ESQUECIDO,Autor:CIRANDA CULTURAL,"R$ 1,90"
Infantil,AVIÃO: JANELAS DIVERTIDAS,"Autor:BRYAN, LARA","R$ 59,90"
Infantil,OS TRÊS PORQUINHOS,"Autor:CULTURAL, CIRANDA","R$ 2,90"
Comportamento,LIVRO DEFINITIVO DE DICAS E SUGESTÕES DOMÉSTICAS,"Autor:KENT, CASSANDRA","R$ 49,95"
Comportamento,DAILY SHOTS,"Autor:LAGO, DANIELA DO","R$ 29,95"
Comportamento,"SEMPRE, ÀS VEZES, NUNCA","Autor:ARRUDA, FABIO","R$ 29,50"
Comportamento,SANTA AJUDA,"Autor:GOES, MICAELA","R$ 49,95"
Comportamento,ORGANIZE SEM FRESCURAS - COM MENOS TEMPO E MENOS DINHEIRO,"Autor:OLIVEIRA, RAFAELA","R$ 19,95"
Comportamento,WEDDING PLANNING FOR DUMMIES,N/A,"R$ 76,16"
Comportamento,SIMPLE ART OF NAPKIN FOLDING,N/A,"R$ 49,49"
Comportamento,RECEBENDO EM CASA,"Autor:CASTRO, CLAUDINE DE","R$ 26,90"
Comportamento,MATERNEASY - O GUIA PARA A MATERNIDADE MAIS FÁCIL,"Autor:MAGALHAES, FERNANDA|Autor:MATTIOLY, DANIELLE","R$ 23,45"
Comportamento,COMO ANDAR DE SALTO ALTO,"Autor:MORTON, CAMILLA","R$ 30,00"
Comportamento,ORGANIZE-SE NUM MINUTO,"Autor:SMALLIN, DONNA|Tradutor:CARVALHO, MARIA ALAYDE|Tradutor:WIESENTHAL, PATRICIA","R$ 35,00"
Comportamento,ORGANIZE-SE,"Autor:SMALLIN, DONNA","R$ 59,90"
Comportamento,GUIA DO CASAMENTO,"Autor:NORDI, DANIELLE","R$ 9,95"
Comportamento,TERAPIA SEXUAL,"Autor:GILLAN, PATRICIA e RICHARD","R$ 299,03"
Comportamento,FANTASIAS SENSUAIS,"Autor:KIREI, CELINE","R$ 26,90"
Comportamento,MATERNEASY - O GUIA PARA A MATERNIDADE MAIS FÁCIL,"Autor:MAGALHAES, FERNANDA|Autor:MATTIOLY, DANIELLE","R$ 46,90"
Comportamento,GUIA DA(O) DONA(O) DE CASA MODERNA(O),"Autor:TEIXEIRA, ADRIANA","R$ 35,00"
Comportamento,PONTOS ERÓTICOS,Autor:CARLTON BOOKS,"R$ 29,90"
Comportamento,CLASSY: CONSELHOS DE ELEGÂNCIA PARA A MULHER MODERNA,"Autor:BLASBERG, DEREK|Tradutor:AZEREDO, PATRÍCIA","R$ 59,90"
Comportamento,A MÁGICA DA ARRUMAÇÃO,"Tradutor:OLIVEIRA, MARCIA|Autor:KONDO, MARIE","R$ 22,45"
Comportamento,"VIDA SECRETA DOS GAROTOS,A",N/A,N/A
Comportamento,O QUE OS PAIS DO SEC.XXI PRECISAM SABER,N/A,N/A
Comportamento,SIMPLESMENTE FAÇA:101 DIAS...,N/A,N/A
Comportamento,E TUDO TAO SIMPLES,"Autor:LEAO, DANUZA",N/A
Geografia,PAISAGENS DA GEOMORFOLOGIA,"Organizador:GUERRA, ANTONIO JOSE TEIXEIRA","R$ 94,90"
Geografia,BLOCOS INTERNACIONAIS DE PODER,"Autor:HAESBAERT, ROGERIO","R$ 10,90"
Geografia,GEOGRAFIA - O HOMEM NO ESPAÇO GLOBAL,"Autor:LUCCI, ELIAN ALABI","R$ 73,00"
Geografia,GEOLOGIA PARA LEIGOS,"Autor:M. SPOONER, ALECIA","R$ 100,00"
Geografia,COMO ESSA CALOPSITA VEIO PARAR NO BRASIL? E OUTRAS DÚVIDAS DE GEOGRAFIA,Autor:JOÃO LUIZ PEDROSA,"R$ 44,90"
Geografia,ATLAS GEOGRÁFICO MELHORAMENTOS,Autor:MELHORAMENTOS|Autor:OXFORD CARTOGRAPHERS,"R$ 68,00"
Geografia,"LEVANTAMENTO DE RECURSOS NATURAIS, V.23",Autor:IBGE,"R$ 25,00"
Geografia,CONTAS REGIONAIS DO BRASIL 2004-2008,Autor:IBGE - INSTITUTO BRASILEIRO DE GEOGRAFIA E ESTATIS,"R$ 30,00"
Geografia,GEOGRAFIA FÍSICA: CIÊNCIA HUMANA?,"Autor:MENDONÇA, FRANCISCO","R$ 27,00"
Geografia,NATUREZA CONTRADITÓRIA DO ESPAÇO GEOGRÁFICO,"Autor:SILVA, LENYRA RIQUE DA","R$ 29,90"
Geografia,O PENSAMENTO GEOGRÁFICO BRASILEIRO - VOL. II - AS MATRIZES DA RENOVAÇÃO,"Autor:MOREIRA, RUY","R$ 51,00"
Geografia,TERRITÓRIOS ALTERNATIVOS,"Autor:HAESBAERT, ROGERIO","R$ 55,00"
Geografia,GEOGRAFIA URBANA CRÍTICA,"Organizador:CARLOS, ANA FANI ALESSANDRI|Organizador:ALVAREZ, ISABEL PINTO|Organizador:SANTOS, CÉSAR SIMONI","R$ 35,00"
Geografia,EDUCAÇÃO AMBIENTAL E MEIO AMBIENTE NO CONTEXTO DE PALMAS - CAPITAL ECOLÓGICA,"Autor:AIRES, BERENICE FEITOSA DA COSTA","R$ 36,21"
Geografia,ECOS MARCADOS NA RUA,"Autor:MELLO, ALESSANDRA MARA ROSA DE","R$ 21,10"
Geografia,Fundamentos de Prospecção Mineral,N/A,N/A
Geografia,ATLAS DO MUNDO GLOBAL,"Autor:BONIFACE, PASCAL|Autor:VEDRINE, HUBERT|Tradutor:MARCOLIN, GRAZIELA",N/A
Geografia,19 LIÇÕES DE PEDOLOGIA,"Autor:LEPSCH, IGO F.",N/A
Geografia,GEOGRAFIA,"Tradutor:MENEGUELLO, RACHEL|Autor:MATTHEWS, JOHN A.",N/A
Geografia,ENERGIA NO MUNDO E NO BRASIL ENERGIA E MUDANÇA CLIMÁTICA CATASTRÓFICA NO SÉCULO XXI,"Autor:ALCOFORADO, FERNANDO",N/A
Geografia,DESENHANDO SÃO PAULO,"Autor:PASSOS, MARIA LUCIA PERRONE",N/A
Geografia,"TERRITÓRIO, TERRITÓRIOS","Autor:SANTOS, MILTON",N/A
Geografia,TERRITÓRIO E AÇÃO SOCIAL,"Autor:SILVA, CATIA ANTONIA DA",N/A
Geografia,ATLAS GEOCULTURAL DA ÁFRICA,"Autor:SILVA, ODAIR MARQUES DA",N/A
Teen,EM OFF,"Tradutor:PALANKOF, DANDARA|Autor:GARRETT, CAMRYN","R$ 79,90"
Teen,AMÊNDOAS,"Tradutor:PAN, YONGHUI QIO|Autor:SOHN, WON-PYUNG","R$ 59,90"
Teen,BOX HARRY POTTER PREMIUM VERMELHO (7 LIVROS EM CAPA DURA),"Tradutor:WYLER, LIA|Autor:ROWLING, J.K.","R$ 479,90"
Teen,DOMINGO NA PRAÇA,"Ilustrador:PIRILLO, MARILIA|Autor:CUNHA, LEO","R$ 59,90"
Teen,ROMEU GUARANI E JULIETA CAPULETO,"Autor:OBEID, CESAR","R$ 31,55"
Teen,MOBY DICK,"Autor:MELVILLE, HERMAN|Tradutor:CONY, CARLOS HEITOR","R$ 49,90"
Teen,DÚVIDA CRUEL,"Autor:FULFARO, MARIANA","R$ 59,90"
Teen,HARRY POTTER E O PRISIONEIRO DE AZKABAN,"Tradutor:WYLER, LIA|Ilustrador:GRANDPRE, MARY|Autor:ROWLING, J.K.","R$ 74,90"
Teen,DIÁRIO DE UM BANANA 17,"Autor:KINNEY, JEFF|Tradutor:BOIDE, ALEXANDRE","R$ 59,90"
Teen,DUDU E O MUNDO DE PAPEL,"Autor:LODUCCA, STELA GRECO|Ilustrador:NEVES, ROGÉRIO","R$ 49,90"
Teen,A CARTA DE MOUSSA,"Autor:RIMBAU, ROSER|Ilustrador:ARAYA, ROCIO","R$ 44,90"
Teen,ÚLTIMA PARADA,"Tradutor:MIRANDA, GUILHERME|Autor:MCQUISTON, CASEY","R$ 54,90"
Teen,"MINHA CASA, SUA CASA","Autor:DUBUC, MARIANNE","R$ 37,00"
Teen,BOX CONTOS CLÁSSICOS GALINHA PINTADINHA MINI,Autor:BROMELIA PRODUÇOES,"R$ 119,90"
Teen,MANDALAS PARA COLORIR E INSPIRAR,"Autor:CULTURAL, CIRANDA","R$ 19,90"
Teen,DUMAZI E O GRANDE LEÃO AMARELO,"Ilustrador:OTTLEY, MATT|Autor:KHOZA, VALANGA|Tradutor:DE AQUINO, GILDA","R$ 47,90"
Teen,O HOMEM ETERNO,"Autor:CHESTERTON, G. K.","R$ 34,90"
Teen,JUDY MOODY NA UNIVERSIDADE,"Autor:MCDONALD, MEGAN|Ilustrador:REYNOLDS, PETER H.","R$ 64,00"
Teen,BOX HARRY POTTER EDIÇÃO COMEMORATIVA 20 ANOS - CAPA DURA,"Autor:ROWLING, J.K","R$ 569,90"
Teen,PÂNTANO DE SANGUE,"Autor:BANDEIRA, PEDRO","R$ 74,00"
Teen,TURMA DA MÔNICA - VAMOS APRENDER AS CORES E FORMAS,Autor:CIRANDA CULTURAL,"R$ 4,90"
Teen,OS MANUSCRITOS ENCANTADOS DA SENHORA TRAMPOLIM,"Autor:RIOS, ROSANA","R$ 45,00"
Teen,ENALDINHO - A LENDA DO ZAP,Autor:ENALDINHO,"R$ 34,90"
Teen,AS CRÔNICAS DE NÁRNIA - O SOBRINHO DO MAGO,"Tradutor:CAMPOS, PAULO MENDES|Autor:LEWIS, C. S.","R$ 49,90"
Religião,SEGREDOS DE UM MODO ANTIGO DE REZAR,"Autor:BRADEN, GREGG","R$ 56,00"
Religião,JESUS - TUDO POSSO NAQUELE QUE ME FORTALECE,"Autor:ARRUDA, BIBA","R$ 18,00"
Religião,O CÉU E O INFERNO,"Autor:KARDEC, ALLAN","R$ 64,00"
Religião,AS CINCO LINGUAGENS DO AMOR - 3 EDIÇÃO,"Autor:CHAPMAN, GARY","R$ 64,90"
Religião,A FONTE DOS MILAGRES,"Autor:MCGOWAN, KATHLEEN|Tradutor:BARRETO, MARIA ALICE PAES","R$ 32,00"
Religião,CANÇAO DA NATUREZA,"Autor:MAIA, JOÃO NUNES|Espírito:KAHENA","R$ 41,00"
Religião,O CÉREBRO DE BUDA,"Autor:HANSON, RICK|Tradutor:ALBERT, BIANCA|Autor:MENDIUS, RICHARD","R$ 58,00"
Religião,MITOLOGIA DOS ORIXÁS,N/A,"R$ 94,90"
Religião,LIBERTEM A MULHER FORTE,"BARCELLOS, WALDEA / ESTES, CLARISSA PINKOLA","R$ 119,90"
Religião,"CATENA AUREA, V.1 - EVANGELHO DE SÃO MATEUS","Autor:AQUINO, SANTO TOMAS DE","R$ 64,95"
Religião,O OPUS DEI E AS MULHERES,"Organizador:FERREIRA, VIVIANE LOVATTI","R$ 14,95"
Religião,TUDO O QUE VOCÊ PRECISA SABER SOBRE MITOLOGIA,"Autor:SEARS, KATHLEEN","R$ 34,95"
Religião,NÃO DESISTA DOS SEUS SONHOS,"Autor:LOPES, HERNANDES DIAS","R$ 13,45"
Religião,VOANDO NAS ALTURAS,"Autor:LOPES, HERNANDES DIAS","R$ 14,45"
Religião,ALMANAQUE SANTO ANTÔNIO 2024,"Autor:PASINI, FREI EDRIAN JOSUE","R$ 25,00"
Religião,A BUSCA DA JUSTA MEDIDA,"Autor:BOFF, LEONARDO","R$ 44,90"
Religião,O QUE É AMOR-EXIGENTE?,"Autor:MENEZES, MARA SILVIA CARVALHO DE","R$ 22,50"
Religião,CASA DA INICIAÇÃO CRISTÃ: EUCARISTIA 1 - CATEQUIZANDO,"Autor:BRUSTOLIN, LEOMAR A.","R$ 9,25"
Religião,50 TONS PARA O SUCESSO,"Autor:EDINGTON, J.","R$ 20,95"
Religião,O JESUS NEGRO,"Autor:VIEIRA, HENRIQUE","R$ 46,90"
Religião,A HISTÓRIA DOS EVANGÉLICOS PARA QUEM TEM PRESSA,"Autor:OLIVEIRA RAMOS NETO, JOÃO","R$ 39,90"
Religião,PALAVRAS QUE TRANSFORMAM,"Autor:MARQUES, CACAU","R$ 59,90"
Religião,LUZ NAS TREVAS - ERROS E OBJEÇÕES PROTESTANTES,Autor:CALVARIAE EDITORIAL,"R$ 29,95"
Religião,Umbanda: Uma Religião Sem Fronteiras,N/A,N/A
Didáticos,O MENINO MALUQUINHO,Autor:ZIRALDO,"R$ 49,00"
Didáticos,QUARTO DE DESPEJO,"Autor:JESUS, CAROLINA MARIA DE","R$ 78,00"
Didáticos,SETE DESAFIOS PARA SER REI,"Autor:TERLOUW, JAN|Ilustrador:NOBRE, RAFAEL","R$ 56,90"
Didáticos,QUEM ÉS TU?,"Autor:CIPIS, MARCELO","R$ 58,60"
Didáticos,LÚCIA JÁ-VOU-INDO,"Autor:PENTEADO, MARIA HELOISA","R$ 40,70"
Didáticos,A PROMESSA DO GIRINO,"Ilustrador:ROSS, TONY|Tradutor:MAFFEI, MARCOS|Autor:WILLIS, JEANNE","R$ 50,40"
Didáticos,MAMÃE BOTOU UM OVO!,"Autor:COLE, BABETTE|Tradutor:SILVA, LENICE BUENO DA","R$ 81,60"
Didáticos,JOGOS DEPOIS DA CHUVA,"Ilustrador:IRUSTA, CARLA|Autor:DIAS, CHRISTINA","R$ 20,50"
Didáticos,ROBINSON CRUSOE - STANDFOR GRADED READERS,Autor:STANDFOR,"R$ 22,50"
Didáticos,"DOM, TALENTO E VOCAÇAO QUEM NAO TEM?","Autor:CARRARO, FERNANDO|Ilustrador:ESTEVES, CECILIA","R$ 23,50"
Didáticos,OZZIE AND SUMMER SUN,"Autor:BENTLEY, MARLA","R$ 19,50"
Didáticos,THE MAGIC CARPET + CD DE ÁUDIO - STARTERS,"Autor:DUNNE, BRENDAN|Autor:NEWTON, ROBIN","R$ 19,50"
Didáticos,THE LITTLE PRINCE + CD DE ÁUDIO (STARTER),"Autor:ROLLASON, JANE","R$ 25,50"
Didáticos,NAMORO ENTRE LIVROS,"Ilustrador:ORLANDO|Autor:BOECHAT, LUCIO","R$ 24,50"
Didáticos,NUNO DESCOBRE O BRASIL,"Autor:TORERO, JOSE ROBERTO|Autor:PIMENTA, MARCUS AURELIUS","R$ 19,95"
Didáticos,Meu avô e eu,"Autor:GUIMARAES, TELMA","R$ 16,00"
Didáticos,MAMAE TA CARECA,"Tradutor:ESTEVES, CECILIA|Autor:MARTINS, JULIANA VERMELHO","R$ 25,50"
Didáticos,COISAS DA VIDA,"Autor:BRAZ, JULIO EMILIO","R$ 23,50"
Didáticos,ERAM QUATRO VEZES,"Autor:SOUZA, FLAVIO DE|Ilustrador:CAMANHO, ALEXANDRE","R$ 27,00"
Didáticos,O MUNDO É DOS CANÁRIOS,"Autor:AGUIAR, LUIZ ANTONIO","R$ 36,50"
Didáticos,"GRANDE CONFLITO, O","Autor:WHITE, ELLEN G",N/A
Didáticos,Crescer Ciências 2º Ano,N/A,N/A
Didáticos,"MAIS RESPEITO, EU SOU CRIANÇA!","Autor:BANDEIRA, PEDRO|Ilustrador:MORAES, ODILON",N/A
Didáticos,"CASO DO BOLINHO, O","Autor:BELINKY, TATIANA|Ilustrador:BRASIL, BRUNA ASSIS",N/A
Viagem,DESBRAVANDO AS AMÉRICAS,"Autor:SOARES, WALLACE","R$ 25,00"
Viagem,GUIA DA LICA POR LIANE NEVES - PORTO ALEGRE 2014,"Autor:NEVES, LIANE","R$ 40,00"
Viagem,GUIA DE RESTAURANTES JAPONESES,"Autor:ARAI, JOHN","R$ 19,90"
Viagem,ORIENTE-SE - GUIA COM MAIS DE 1600 ENDEREÇOS,Autor:JBC,"R$ 44,00"
Viagem,"ÁDEN, ARÁBIA","Texto/Notas:SARTRE, JEAN-PAUL|Tradutor:LYRA, BERNADETTE|Autor:NIZAN, PAUL","R$ 28,00"
Viagem,FODOR'S MOSCOW AND ST. PETERSBURG,"Autor:FODOR'S TRAVEL PUBLICATIONS, INC.","R$ 76,01"
Viagem,TURISMO BASICO,N/A,"R$ 23,95"
Viagem,VIAJE NA VIAGEM,N/A,"R$ 28,50"
Viagem,FROMMER'S 2015 EASYGUIDE TO CHARLESTON AND,N/A,"R$ 49,34"
Viagem,DANUBE,N/A,"R$ 38,08"
Viagem,MILAN HIGHLIGHTS,N/A,"R$ 85,73"
Viagem,FROMMER'S PORTABLE DOMINICAN REPUBLIC,N/A,"R$ 49,49"
Viagem,FROMMER'S WALT DISNEY WORLD & ORLANDO,N/A,"R$ 72,35"
Viagem,BUS-PASS BRITAIN,N/A,"R$ 55,41"
Viagem,SALVOS POR UM MERGULHO - A HISTORIA DO CASAL,N/A,"R$ 45,00"
Viagem,GUIA DO BRASILEIRO EM PARIS,"Autor:CASTRO, MARILEA DE","R$ 16,00"
Viagem,GUIA TOP 10 ORLANDO,"Autor:TUNSTALL, JIM|Autor:TUNSTALL, CYNTHIA|Autor:GRULA, RICHARD","R$ 27,50"
Viagem,POR UM TRIZ,"Autor:ILHA, ANDRÉ","R$ 19,95"
Viagem,TRES CIDADES PERTO DO CEU,"Autor:TOMASI, LUCIANA","R$ 20,50"
Viagem,MINHA SÃO PAULO,"Autor:WAGNER, DIDI","R$ 89,90"
Viagem,BUENOS AIRES DE A A Z,"Autor:ARAUJO, LUIS FERNANDO DE","R$ 16,50"
Viagem,INSIGHT GUIDES ST PETERSBURG POCKET GUIDE,N/A,"R$ 26,00"
Viagem,CITYPACK VIENNA,Autor:AA PUBLISHING,"R$ 24,22"
Viagem,TURISMO - FUNDAMENTOS E DIMENSOES,"Autor:ANDRADE, JOSE VICENTE DE",N/A
Gastronomia,NA COZINHA COM CAROLINA 3,"Autor:FERRAZ, CAROLINA","R$ 49,95"
Gastronomia,CONVERSAS ACERCA DO VINHO,"Autor:MONTELEONE, GABRIELA","R$ 32,50"
Gastronomia,NETFLIX,"Autor:PAINTER, ANNA","R$ 169,90"
Gastronomia,COMIDA É MEMÓRIA,"Autor:LUTTI, JANE M. G.","R$ 59,90"
Gastronomia,"HIPERTENSÃO: ENTENDER, PREVENIR E REVERTER",Editor:LAFONTE,"R$ 69,90"
Gastronomia,DIABETES : SUAS CAUSAS E AS SOLUÇÕES PARA VIVER BEM.,Editor:LAFONTE,"R$ 69,90"
Gastronomia,SAQUE - PARA INICIANTES E INICIADOS,"Autor:GAUNTNER, JOHN|Autor:FROST, GRISSITH","R$ 39,00"
Gastronomia,QUEM VAI FAZER ESSA COMIDA ?,"Autor:GIL, BELA","R$ 60,00"
Gastronomia,VARIZES E DOENÇAS CIRCULATÓRIAS,Editor:LAFONTE,"R$ 39,90"
Gastronomia,GORDURA NO FÍGADO E MÁ DIGESTÃO,Editor:LAFONTE,"R$ 29,90"
Gastronomia,UMA – RECEITAS SIMPLES EM UMA PANELA SÓ,"Tradutor:AZEVEDO, LIGIA|Autor:OLIVER, JAMIE","R$ 194,90"
Gastronomia,FERMENTAÇÃO,"Autor:MARTENS, INGRID SCHMIDT-HEBBEL","R$ 152,00"
Gastronomia,DECORATING COOKIES,N/A,"R$ 68,39"
Gastronomia,RECEITAS E DICAS DESCOMPLICADAS,"Autor:BALDIOTTI, ÉRIKA","R$ 21,00"
Gastronomia,EU SOU DO CAMARÃO ENSOPADINHO COM CHUCHU,N/A,"R$ 39,50"
Gastronomia,ANYTHING THAT MOVES,N/A,"R$ 106,49"
Gastronomia,NOURISH,N/A,"R$ 106,49"
Gastronomia,CERVEJA,"Autor:BELTRAMELLI, MAURICIO","R$ 99,80"
Gastronomia,VINHOS DE BUTIQUE,"Autor:ROSENTHAL, NEAL I.","R$ 19,95"
Gastronomia,NUTRIÇÃO E DIABETES MELLITUS NA PRÁTICA CLÍNICA,"Organizador:MOTA, JOÃO FELIPE","R$ 158,00"
Gastronomia,AS MELHORES RECEITAS DO MASTERCHEF BRASIL,Autor:ENDEMOL SHINE BRASIL,"R$ 109,90"
Gastronomia,A MESA DE DEUS,"Autor:CAVALCANTI, MARIA LECTICIA MONTEIRO","R$ 74,90"
Gastronomia,RECEITAS FÁCEIS E SABOROSAS (ANONYMUS GOURMET),"Autor:MACHADO, JOSE ANTONIO PINHEIRO|Ilustrador:PINHEIRO MACHADO, IVAN","R$ 34,90"
Gastronomia,O que Einstein disse a seu cozinheiro - vol. 1: A ciência na cozinha,N/A,N/A
"Saúde, Fitness e Beleza",OS 4 PILARES DA LONGEVIDADE E SAÚDE,"DRUMOND, MATEUS","R$ 119,90"
"Saúde, Fitness e Beleza",GUIA ESSENCIAL DA BELEZA NATURAL,"Ilustrador:PIRES, GABRIELA|Autor:SOARES, MONA","R$ 99,90"
"Saúde, Fitness e Beleza",A MENTIRA DO GLÚTEN,"Autor:LEVINOVITZ, ALAN","R$ 22,45"
"Saúde, Fitness e Beleza",DA DOR AO PRAZER,"Autor:OLIVEIRA, MARCIA","R$ 59,90"
"Saúde, Fitness e Beleza",PRAZER FEMININO,"Autor:NASCIMENTO, ROBERTA","R$ 46,00"
"Saúde, Fitness e Beleza",O MÚSCULO DA ALMA,"Autor:COBRA JR., NUNO","R$ 24,50"
"Saúde, Fitness e Beleza",TE CUIDA!,"Autor:DOMENICO, CLAUDIO","R$ 25,50"
"Saúde, Fitness e Beleza",COMO REJUVENESCER 10 ANOS EM 3 MESES,"Autor:MOGNON, ANDREA","R$ 17,45"
"Saúde, Fitness e Beleza",NÃO SOU FELIZ,"Autor:LUCCHESE, FERNANDO","R$ 19,95"
"Saúde, Fitness e Beleza",KILORIAS,"Autor:MACHADO, PAOLA","R$ 18,00"
"Saúde, Fitness e Beleza",SUPERINTESTINO,"Autor:DAVIS, WILLIAM|Tradutor:SIMMER, CAROLINA","R$ 59,90"
"Saúde, Fitness e Beleza",GUIA COMPLETO DA BELEZA FEITA EM CASA - 2A. EDIÇÃO,"Tradutor:MELIBEU, CARLA|Autor:SUBRAMANIAN, SUNNY","R$ 86,00"
"Saúde, Fitness e Beleza",O SUPREENDENTE METODO PSICO-DINAMICO PARA EMAGRECE,"Autor:CANTOR, ALFRED J.","R$ 9,95"
"Saúde, Fitness e Beleza",ETIQUETA SEM FRESCURA,"Autor:MATARAZZO, CLAUDIA","R$ 20,00"
"Saúde, Fitness e Beleza",VIVA BEM MAIS E MELHOR,"Autor:GEHRKE, ARNO","R$ 29,95"
"Saúde, Fitness e Beleza",POR TRÁS DA CICATRIZ,"Autor:BERDOLDI, DAIANE|Colaborador:SÁ, RODRIGO","R$ 50,00"
"Saúde, Fitness e Beleza",COMER O QUÊ?,"Autor:BITTMAN, MARK|Tradutor:TAVARES, IBRAIMA DAFONTE","R$ 52,00"
"Saúde, Fitness e Beleza",Kit Hairless Multilaser Depilação 4 em 1 USB Branca - HC200,N/A,N/A
"Saúde, Fitness e Beleza",Bomba de Ar de Chão com Manômetro 160PSI Atrio - BI231,N/A,N/A
"Saúde, Fitness e Beleza",Máquina de Cortar Cabelo Multilaser 4 em 1 Profissional 127V 10W Preta - EB036,N/A,N/A
"Saúde, Fitness e Beleza",Kit Travel Multilaser Secador e Prancha De Viagem 1000W Bivolt C/ Nécessaire - EB025,N/A,N/A
"Saúde, Fitness e Beleza",Avental Descartável com punho 30g Embalagem com 10 unidades Multilaser Saúde - HC504,N/A,N/A
"Saúde, Fitness e Beleza",Máquina de Cortar Cabelo Multilaser 4 em 1 Profissional 220V 10W Preta - EB037,N/A,N/A
"Saúde, Fitness e Beleza",Aparador de pelos Multigroom 9 em 1 com base Multilaser Bivolt Cinza - EB11,N/A,N/A
História,SAPIENS (NOVA EDIÇÃO),"Tradutor:DAUSTER, JORIO|Autor:HARARI, YUVAL NOAH|Capista:NUNES, ALCEU CHIESORIN","R$ 79,90"
História,ESCRAVIDÃO - VOLUME 3,"Autor:GOMES, LAURENTINO","R$ 79,90"
História,OITO DIAS EM YALTA,"Autor:PRESTON, DIANA|Tradutor:VIEIRA, GLEUBER","R$ 69,90"
História,1822,"Autor:GOMES, LAURENTINO","R$ 79,90"
História,INIMIGO JUDEU,"Autor:HERF, JEFFREY|Tradutor:SOLON, WALTER","R$ 82,00"
História,O HOMEM E O MUNDO NATURAL,"Autor:THOMAS, KEITH|Tradutor:MARTINS FILHO, JOAO ROBERTO","R$ 49,90"
História,OS FUNDADORES - O PROJETO DOS RESPONSÁVEIS PELO NASCIMENTO DO BRASIL,"Autor:CORRÊA, LUCAS BERLANZA","R$ 49,50"
História,"A SEGUNDA GUERRA MUNDIAL (VOL.1, 1939-1942)","Autor:GILBERT, MARTIN|Tradutor:MARQUES, RENATO|Ilustrador:BOTTINO, ANGELO","R$ 144,90"
História,A GUERRA TOTAL DE CANUDOS,"Autor:MELLO, FREDERICO PERNAMBUCANO DE","R$ 99,00"
História,BIBLIOTECA GRANDES GUERRAS - BOX COM 4 LIVROS,"Autor:BLANC, CLAUDIO","R$ 144,00"
História,A COZINHEIRA DE FRIDA,"Autor:ETCHEVES, FLORENCIA","R$ 109,90"
História,TREZE,"Autor:ALONSO, ANGELA|Ilustrador:NUNES, ALCEU CHIESORIN","R$ 89,90"
História,HISTÓRIA DA VIDA PRIVADA NO BRASIL – VOL. 4 (EDIÇÃO DE BOLSO),"Organizador:NOVAIS, FERNANDO A.|Ilustrador:FISHER, JEFF","R$ 94,90"
História,DA GUERRA,"Autor:CLAUSEWITZ, CARL VON|Tradutor:RAMOS, MARIA TERESA","R$ 139,90"
História,HISTÓRIAS ÍNTIMAS - 3 ª EDIÇÃO,"Autor:DEL PRIORE, MARY","R$ 76,90"
História,HISTÓRIA DO SÉCULO XX - 1973 AOS DIAS ATUAIS - A CAMINHO DA GLOBALIZAÇÃO E DO SÉCULO XXI - VOLUME 3,"Organizador:BERSTEIN, SERGE|Tradutor:SANTOS, FERNANDO|Autor:VARIOS AUTORES|Organizador:MILZA, PIERRE","R$ 29,90"
História,PENSANDO BEM...,"Autor:SCHWARTSMAN, HELIO","R$ 24,95"
História,UM PAÍS CHAMADO BRASIL - EDIÇÃO COM BRINDE,"Autor:VILLA, MARCO ANTONIO","R$ 84,90"
História,SACERDOTISAS VODUNS E RAINHAS DO ROSÁRIO,"Organizador:RODRIGUES, ALDAIR","R$ 59,00"
História,A TORRE,"Ilustrador:FARKAS, KIKO|Autor:VILLAMÉA, LUIZA","R$ 94,90"
História,A MAIS BREVE HISTÓRIA DA EUROPA,"Autor:HIRST, JOHN|Tradutor:GEIGER, PAULO","R$ 49,90"
História,O PODER E OS TRONOS,"Autor:JONES, DAN","R$ 169,90"
História,A VIDA EM DUAS RODAS,"Autor:ROSEN, JODY|Tradutor:CASOTTI, BRUNO","R$ 99,90"
História,O LIVRO DO TEMPO,"Autor:PIMENTA, JOAO PAULO",N/A
Direito,MANUAL DE DIREITO PENAL - PARTE GERAL - VOL. 1,"Autor:MIRABETE, JULIO FABBRINI|Autor:FABBRINI, RENATO N","R$ 181,00"
Direito,MANUAL DE DIREITO EMPRESARIAL,"Autor:MAMEDE, GLADSTON","R$ 199,00"
Direito,DIREITO DO AGRONEGÓCIO,"Autor:RIZZARDO, ARNALDO","R$ 289,00"
Direito,CÓDIGO CIVIL COMENTADO - DOUTRINA E JURISPRUDÊNCIA,"Autor:SCHREIBER, ANDERSON","R$ 499,00"
Direito,CÓDIGO CIVIL COMENTADO,"coordenador/editor:PELUSO, MINISTRO CEZAR","R$ 398,00"
Direito,DIREITO EMPRESARIAL,"Autor:VENOSA, SILVIO DE SALVO","R$ 219,00"
Direito,MANUAL DE DIREITO TRIBUTÁRIO,"Autor:MACHADO SEGUNDO, HUGO DE BRITO","R$ 205,00"
Direito,DIREITO TRIBUTÁRIO BRASILEIRO - 25ª EDIÇÃO 2023,"Autor:AMARO, LUCIANO DA SILVA","R$ 229,00"
Direito,DIREITO CONSTITUCIONAL,"Autor:MORAES, ALEXANDRE DE","R$ 319,00"
Direito,CÓDIGO PENAL 2023,"Editor:VIEIRA, JAIR LOT","R$ 65,90"
Direito,CURSO DE DIREITO DO TRABALHO - 14ª EDIÇÃO 2023,"Autor:MARTINEZ, LUCIANO","R$ 231,00"
Direito,CURSO DE PROTEÇÃO DE DADOS - FUNDAMENTOS DA LGPD,"Autor:FRAZAO, ANA","R$ 205,00"
Direito,COMENTÁRIOS À LEI DE LICITAÇÕES E CONTRATAÇÕES  ADMINISTRATIVAS,"Autor:FILHO, MARÇAL JUSTEN","R$ 470,00"
Direito,O CONTROLE DA ADMINISTRAÇÃO PÚBLICA - 4ª EDIÇÃO DE 2016,"Autor:FRANÇA, PHILLIP","R$ 160,00"
Direito,VADE MECUM RT 2023,"RT, EQUIPE","R$ 253,00"
Direito,VADE MECUM METODO 2023 - 2º SEMESTRE,"METODO, EQUIPE","R$ 245,00"
Direito,VADE MECUM SARAIVA - TRADICIONAL - 36ª EDIÇÃO 2023,"SARAIVA, EDITORA","R$ 252,00"
Direito,ESTATUTO DA ADVOCACIA E CÓDIGO DE ÉTICA E DISCIPLINA DA OAB - COMENTADOS,"Autor:GONZAGA, ALVARO DE AZEVEDO","R$ 172,00"
Direito,DICIONÁRIO DE DIREITO DE FAMÍLIA E SUCESSÕES - ILUSTRADO - 3ª ED - 2023,"Autor:DA CUNHA PEREIRA, RODRIGO","R$ 419,00"
Direito,CÓDIGO DE DEFESA DO CONSUMIDOR - LEGISLAÇÃO SARAIVA DE BOLSO - 1ª EDIÇÃO 2023,Autor:EDITORA SARAIVA,"R$ 19,90"
Direito,DIREITO PROCESSUAL DO TRABALHO ESQUEMATIZADO - 4ª EDIÇÃO 2023,"Autor:ROMAR, CARLA TERESA MARTINS","R$ 242,00"
Direito,MANUAL DE DIREITO ADMINISTRATIVO - 1ª EDIÇÃO 2023,"Autor:MACIEL, IGOR MOURA","R$ 179,00"
Direito,CLÁUSULA PENAL - 3ª ED - 2023,"Autor:ROSENVALD, NELSON","R$ 169,00"
Direito,MINISTÉRIO PÚBLICO ESTRATÉGICO - ANTIRRACISTA - UMA TRAVESSIA NECESSÁRIA - 1ª ED - 2023 - VOLUME 3,"Autor:SARRUBBO, MARIO LUIZ|coordenador/editor:CORRÊA DE SOUZA HILLAL, CRISTIANE","R$ 214,00"
Romance (2),O FÍSICO-A EPOPEIA DE UM MÉDICO MEDIEVAL-CAPA DURA,N/A,N/A
Romance (2),Você,N/A,N/A
